Middle layer Super Output Areas Code,Middle layer Super Output Areas,density
E02000001,City of London 001,2975
E02000002,Barking and Dagenham 001,3831
E02000003,Barking and Dagenham 002,5389.7
E02000004,Barking and Dagenham 003,2663.6
E02000005,Barking and Dagenham 004,9327.5
E02000007,Barking and Dagenham 006,5854.4
E02000008,Barking and Dagenham 007,9331.6
E02000009,Barking and Dagenham 008,13380.5
E02000010,Barking and Dagenham 009,8458.9
E02000011,Barking and Dagenham 010,4410.6
E02000012,Barking and Dagenham 011,8852.6
E02000013,Barking and Dagenham 012,7203.7
E02000014,Barking and Dagenham 013,8269.8
E02000015,Barking and Dagenham 014,6042
E02000016,Barking and Dagenham 015,11925.1
E02000017,Barking and Dagenham 016,10419.9
E02000018,Barking and Dagenham 017,7034.9
E02000019,Barking and Dagenham 018,3187.3
E02000020,Barking and Dagenham 019,4116.3
E02000021,Barking and Dagenham 020,3043.2
E02000022,Barking and Dagenham 021,10270.7
E02000023,Barking and Dagenham 022,4594.6
E02000024,Barnet 001,2888.2
E02000025,Barnet 002,3573
E02000026,Barnet 003,4404.8
E02000027,Barnet 004,5761.1
E02000028,Barnet 005,6189.5
E02000029,Barnet 006,5745.1
E02000030,Barnet 007,648.7
E02000031,Barnet 008,4296.5
E02000032,Barnet 009,5679.6
E02000033,Barnet 010,5007
E02000034,Barnet 011,5831.7
E02000035,Barnet 012,6573.2
E02000036,Barnet 013,6265.1
E02000037,Barnet 014,2505.6
E02000038,Barnet 015,6082
E02000039,Barnet 016,3362.3
E02000040,Barnet 017,1772.8
E02000041,Barnet 018,7008.4
E02000042,Barnet 019,9531.6
E02000043,Barnet 020,5157.7
E02000044,Barnet 021,7986.3
E02000045,Barnet 022,6065.4
E02000046,Barnet 023,7170.7
E02000047,Barnet 024,8715.6
E02000048,Barnet 025,3334
E02000049,Barnet 026,13360.4
E02000050,Barnet 027,4893.4
E02000051,Barnet 028,6322
E02000052,Barnet 029,10163
E02000054,Barnet 031,5086
E02000055,Barnet 032,8140.7
E02000056,Barnet 033,2829.1
E02000057,Barnet 034,7322.5
E02000058,Barnet 035,5639.7
E02000059,Barnet 036,5298.8
E02000060,Barnet 037,9376.2
E02000061,Barnet 038,5257.7
E02000062,Barnet 039,3785.4
E02000063,Barnet 040,7309.9
E02000064,Barnet 041,8402.4
E02000065,Bexley 001,2519.8
E02000066,Bexley 002,5995.7
E02000067,Bexley 003,4431.3
E02000068,Bexley 004,3607
E02000069,Bexley 005,4969.3
E02000070,Bexley 006,4370.2
E02000071,Bexley 007,6509.4
E02000072,Bexley 008,2952.4
E02000073,Bexley 009,6704.2
E02000074,Bexley 010,7851.3
E02000075,Bexley 011,5201.3
E02000077,Bexley 013,7283.6
E02000078,Bexley 014,5331.7
E02000079,Bexley 015,5321.9
E02000080,Bexley 016,5949.3
E02000081,Bexley 017,3765.9
E02000082,Bexley 018,6234
E02000083,Bexley 019,3013.2
E02000084,Bexley 020,4285.5
E02000085,Bexley 021,4903.3
E02000086,Bexley 022,4822
E02000087,Bexley 023,2209
E02000088,Bexley 024,3877.3
E02000089,Bexley 025,5753.5
E02000090,Bexley 026,5326.6
E02000091,Bexley 027,3718.2
E02000092,Bexley 028,1127
E02000093,Brent 001,8624
E02000094,Brent 002,8989.3
E02000095,Brent 003,6754.3
E02000096,Brent 004,4666.5
E02000097,Brent 005,5094.1
E02000098,Brent 006,4755
E02000099,Brent 007,7426.4
E02000100,Brent 008,4003.6
E02000101,Brent 009,7078.6
E02000102,Brent 010,6126.2
E02000103,Brent 011,5628.1
E02000104,Brent 012,6774.7
E02000105,Brent 013,7185.9
E02000106,Brent 014,7719.2
E02000107,Brent 015,11458
E02000108,Brent 016,8929.8
E02000110,Brent 018,10230.3
E02000111,Brent 019,10002.7
E02000112,Brent 020,9259.9
E02000113,Brent 021,6491
E02000114,Brent 022,14668.2
E02000115,Brent 023,10160.3
E02000116,Brent 024,7798
E02000117,Brent 025,14306.7
E02000118,Brent 026,9150.8
E02000119,Brent 027,4131.8
E02000120,Brent 028,17810.7
E02000121,Brent 029,8770.4
E02000122,Brent 030,6798.9
E02000123,Brent 031,13118.8
E02000124,Brent 032,9078.8
E02000125,Brent 033,12981.6
E02000126,Brent 034,18710
E02000127,Bromley 001,4192.1
E02000128,Bromley 002,3070.2
E02000130,Bromley 004,5669.5
E02000131,Bromley 005,5935.1
E02000132,Bromley 006,5660.2
E02000133,Bromley 007,1799.1
E02000134,Bromley 008,6072.2
E02000135,Bromley 009,8530.7
E02000136,Bromley 010,1260
E02000137,Bromley 011,4512.7
E02000138,Bromley 012,4077.5
E02000139,Bromley 013,5020.8
E02000140,Bromley 014,4599.2
E02000141,Bromley 015,7749.7
E02000142,Bromley 016,4953.6
E02000144,Bromley 018,5068.8
E02000145,Bromley 019,782.2
E02000146,Bromley 020,5378.9
E02000147,Bromley 021,3639.7
E02000148,Bromley 022,2395.3
E02000149,Bromley 023,4346.2
E02000150,Bromley 024,2768
E02000151,Bromley 025,3589.3
E02000152,Bromley 026,3095.1
E02000153,Bromley 027,3605.7
E02000154,Bromley 028,4088.4
E02000155,Bromley 029,3936
E02000156,Bromley 030,3198.1
E02000157,Bromley 031,3418.3
E02000158,Bromley 032,3605.6
E02000159,Bromley 033,1209.1
E02000160,Bromley 034,958.5
E02000161,Bromley 035,5062.2
E02000162,Bromley 036,558.1
E02000163,Bromley 037,682.4
E02000165,Bromley 039,1266.7
E02000166,Camden 001,2561.3
E02000167,Camden 002,3458.4
E02000168,Camden 003,11479.6
E02000169,Camden 004,6393.2
E02000170,Camden 005,10264.5
E02000171,Camden 006,14174.5
E02000172,Camden 007,14951.4
E02000173,Camden 008,9622.4
E02000174,Camden 009,14812.2
E02000175,Camden 010,13135.7
E02000176,Camden 011,14874.2
E02000177,Camden 012,16204.7
E02000178,Camden 013,15844.5
E02000179,Camden 014,15019.6
E02000180,Camden 015,16228.6
E02000181,Camden 016,14936.2
E02000182,Camden 017,8919.7
E02000183,Camden 018,9835.4
E02000184,Camden 019,13399.5
E02000185,Camden 020,18813.8
E02000186,Camden 021,6201.9
E02000187,Camden 022,10104.3
E02000188,Camden 023,14140.2
E02000191,Camden 026,8311.8
E02000192,Camden 027,15417.9
E02000193,Camden 028,5469.8
E02000194,Croydon 001,6615.7
E02000195,Croydon 002,4983.5
E02000196,Croydon 003,6455.7
E02000197,Croydon 004,9091.4
E02000198,Croydon 005,9965.2
E02000199,Croydon 006,9752
E02000200,Croydon 007,7253.7
E02000201,Croydon 008,10119.9
E02000202,Croydon 009,12146.6
E02000203,Croydon 010,10294.7
E02000204,Croydon 011,8884.7
E02000206,Croydon 013,7404
E02000207,Croydon 014,7174.4
E02000208,Croydon 015,12407.8
E02000209,Croydon 016,9043.5
E02000210,Croydon 017,11239.7
E02000211,Croydon 018,4930.3
E02000212,Croydon 019,7622.5
E02000213,Croydon 020,12415.6
E02000214,Croydon 021,6048.5
E02000215,Croydon 022,11984.4
E02000216,Croydon 023,3275.6
E02000217,Croydon 024,8332.2
E02000218,Croydon 025,5862
E02000219,Croydon 026,1336.2
E02000221,Croydon 028,3870.4
E02000222,Croydon 029,4485.9
E02000223,Croydon 030,8868.8
E02000224,Croydon 031,6288
E02000225,Croydon 032,4597.8
E02000226,Croydon 033,2320.7
E02000227,Croydon 034,2539.2
E02000228,Croydon 035,2542
E02000229,Croydon 036,4725.4
E02000230,Croydon 037,4016.4
E02000231,Croydon 038,2358.3
E02000232,Croydon 039,1417.7
E02000233,Croydon 040,4010.1
E02000234,Croydon 041,3038.5
E02000235,Croydon 042,1277.1
E02000236,Croydon 043,2554.1
E02000237,Croydon 044,1535.7
E02000238,Ealing 001,7024.2
E02000239,Ealing 002,3839.5
E02000240,Ealing 003,6489.3
E02000241,Ealing 004,5667.1
E02000242,Ealing 005,7749
E02000243,Ealing 006,3064.3
E02000244,Ealing 007,4390.6
E02000245,Ealing 008,5622.8
E02000246,Ealing 009,4598.5
E02000247,Ealing 010,7978.7
E02000248,Ealing 011,4468.2
E02000249,Ealing 012,6553.5
E02000250,Ealing 013,6499.2
E02000251,Ealing 014,8795.9
E02000252,Ealing 015,3828.6
E02000253,Ealing 016,8945.8
E02000254,Ealing 017,8846.3
E02000255,Ealing 018,6369.6
E02000256,Ealing 019,8376.4
E02000258,Ealing 021,6683.1
E02000259,Ealing 022,5151.4
E02000260,Ealing 023,9057.2
E02000261,Ealing 024,9698.7
E02000262,Ealing 025,13214.6
E02000263,Ealing 026,11096.2
E02000264,Ealing 027,5912.2
E02000265,Ealing 028,11080.2
E02000266,Ealing 029,3390.4
E02000267,Ealing 030,10814.8
E02000268,Ealing 031,6975.3
E02000269,Ealing 032,9226.2
E02000270,Ealing 033,12064.5
E02000271,Ealing 034,9295.2
E02000272,Ealing 035,5599.8
E02000275,Ealing 038,6968
E02000276,Ealing 039,8035.4
E02000277,Enfield 001,7186.2
E02000278,Enfield 002,7177.1
E02000279,Enfield 003,4724.1
E02000280,Enfield 004,554.7
E02000281,Enfield 005,5087.2
E02000282,Enfield 006,7877
E02000283,Enfield 007,7486.4
E02000284,Enfield 008,6814.5
E02000285,Enfield 009,6742.1
E02000286,Enfield 010,4235.4
E02000287,Enfield 011,829.5
E02000288,Enfield 012,6039.9
E02000289,Enfield 013,1991.7
E02000290,Enfield 014,1368.7
E02000291,Enfield 015,8780.8
E02000292,Enfield 016,5236.1
E02000293,Enfield 017,2963.1
E02000294,Enfield 018,6245.2
E02000295,Enfield 019,5363.5
E02000296,Enfield 020,5739.1
E02000297,Enfield 021,5799.8
E02000298,Enfield 022,4126.5
E02000299,Enfield 023,10825.4
E02000300,Enfield 024,11396.4
E02000301,Enfield 025,5611.7
E02000302,Enfield 026,5485.4
E02000303,Enfield 027,6735.6
E02000304,Enfield 028,4673.4
E02000305,Enfield 029,9238.3
E02000306,Enfield 030,4372.4
E02000307,Enfield 031,9143.7
E02000308,Enfield 032,7634.4
E02000309,Enfield 033,7239.6
E02000311,Enfield 035,7441.1
E02000312,Enfield 036,8626.3
E02000313,Greenwich 001,8880.5
E02000314,Greenwich 002,4429.6
E02000315,Greenwich 003,8274.1
E02000317,Greenwich 005,11584.2
E02000318,Greenwich 006,10014.5
E02000319,Greenwich 007,11482.6
E02000320,Greenwich 008,4822.6
E02000321,Greenwich 009,12403.2
E02000323,Greenwich 011,16893.5
E02000324,Greenwich 012,6035.3
E02000326,Greenwich 014,10679.3
E02000327,Greenwich 015,3563.9
E02000328,Greenwich 016,7432.1
E02000329,Greenwich 017,3591.6
E02000331,Greenwich 019,8295.6
E02000332,Greenwich 020,3694.1
E02000333,Greenwich 021,4948.9
E02000334,Greenwich 022,4791.8
E02000335,Greenwich 023,5158
E02000337,Greenwich 025,6062
E02000339,Greenwich 027,5006.8
E02000340,Greenwich 028,2104.4
E02000341,Greenwich 029,4462.5
E02000342,Greenwich 030,4652.2
E02000343,Greenwich 031,5607.5
E02000344,Greenwich 032,4977.6
E02000345,Hackney 001,13394.9
E02000346,Hackney 002,16131.1
E02000347,Hackney 003,11888.3
E02000348,Hackney 004,14511.3
E02000350,Hackney 006,18077.7
E02000351,Hackney 007,17770.8
E02000352,Hackney 008,8850
E02000353,Hackney 009,13897.2
E02000354,Hackney 010,12111.2
E02000355,Hackney 011,12488.9
E02000356,Hackney 012,17436.8
E02000357,Hackney 013,4495.6
E02000358,Hackney 014,17988.6
E02000359,Hackney 015,15335.5
E02000360,Hackney 016,21076.5
E02000361,Hackney 017,13557.7
E02000362,Hackney 018,5373.2
E02000363,Hackney 019,19916.2
E02000364,Hackney 020,13870.6
E02000366,Hackney 022,12943.7
E02000367,Hackney 023,14100.1
E02000368,Hackney 024,15622.7
E02000369,Hackney 025,20695.1
E02000370,Hackney 026,18158.2
E02000372,Hammersmith and Fulham 001,2901.9
E02000373,Hammersmith and Fulham 002,17236
E02000374,Hammersmith and Fulham 003,13942.3
E02000375,Hammersmith and Fulham 004,9992
E02000376,Hammersmith and Fulham 005,16343.9
E02000377,Hammersmith and Fulham 006,17572.1
E02000378,Hammersmith and Fulham 007,21858.6
E02000379,Hammersmith and Fulham 008,10887.1
E02000380,Hammersmith and Fulham 009,15634.4
E02000381,Hammersmith and Fulham 010,13798.8
E02000382,Hammersmith and Fulham 011,10022.7
E02000383,Hammersmith and Fulham 012,14093.9
E02000384,Hammersmith and Fulham 013,10560.8
E02000385,Hammersmith and Fulham 014,14045.5
E02000386,Hammersmith and Fulham 015,17334.2
E02000387,Hammersmith and Fulham 016,14767.2
E02000388,Hammersmith and Fulham 017,16284.8
E02000389,Hammersmith and Fulham 018,13776.9
E02000390,Hammersmith and Fulham 019,17812
E02000391,Hammersmith and Fulham 020,11402.2
E02000392,Hammersmith and Fulham 021,16682.9
E02000393,Hammersmith and Fulham 022,16779
E02000394,Hammersmith and Fulham 023,14096.3
E02000395,Hammersmith and Fulham 024,5828.6
E02000396,Hammersmith and Fulham 025,11042.1
E02000397,Haringey 001,14022
E02000398,Haringey 002,6312.1
E02000400,Haringey 004,5988.5
E02000401,Haringey 005,9194.9
E02000402,Haringey 006,6809
E02000403,Haringey 007,8827.4
E02000404,Haringey 008,11091.9
E02000405,Haringey 009,3633
E02000406,Haringey 010,14704.2
E02000407,Haringey 011,14566.2
E02000408,Haringey 012,15936.7
E02000409,Haringey 013,8730.9
E02000410,Haringey 014,8533.4
E02000411,Haringey 015,8199.8
E02000412,Haringey 016,9491.9
E02000413,Haringey 017,6366.2
E02000414,Haringey 018,17296
E02000415,Haringey 019,10282.6
E02000416,Haringey 020,13445.2
E02000417,Haringey 021,6187.2
E02000418,Haringey 022,7615
E02000419,Haringey 023,13601.1
E02000420,Haringey 024,13836.8
E02000421,Haringey 025,10857.3
E02000422,Haringey 026,13750
E02000423,Haringey 027,12449.5
E02000424,Haringey 028,10139.6
E02000425,Haringey 029,15099.8
E02000426,Haringey 030,2912.3
E02000427,Haringey 031,6166.7
E02000428,Haringey 032,14136.8
E02000429,Haringey 033,6927.4
E02000430,Haringey 034,10516.6
E02000431,Haringey 035,9599.5
E02000432,Haringey 036,11420
E02000433,Harrow 001,1361.2
E02000434,Harrow 002,5017.6
E02000435,Harrow 003,4533.7
E02000436,Harrow 004,1219.4
E02000437,Harrow 005,6272.4
E02000438,Harrow 006,4880.9
E02000439,Harrow 007,8710.9
E02000440,Harrow 008,6423.9
E02000441,Harrow 009,3202.6
E02000442,Harrow 010,8409.2
E02000443,Harrow 011,10987.6
E02000444,Harrow 012,7964
E02000445,Harrow 013,9410.9
E02000447,Harrow 015,3856.9
E02000448,Harrow 016,4109.5
E02000449,Harrow 017,9033
E02000451,Harrow 019,4196.5
E02000452,Harrow 020,8450.1
E02000453,Harrow 021,8109.5
E02000454,Harrow 022,4684.1
E02000455,Harrow 023,9470.8
E02000456,Harrow 024,8453.6
E02000457,Harrow 025,6085.3
E02000459,Harrow 027,7774.3
E02000460,Harrow 028,8443.4
E02000461,Harrow 029,2738.3
E02000462,Harrow 030,6985.5
E02000463,Harrow 031,9371.4
E02000464,Havering 001,1324.3
E02000465,Havering 002,3337.3
E02000466,Havering 003,1444.7
E02000467,Havering 004,8433.6
E02000468,Havering 005,2113
E02000469,Havering 006,4248.9
E02000470,Havering 007,1446.5
E02000471,Havering 008,3653.8
E02000472,Havering 009,6167.9
E02000473,Havering 010,3674.7
E02000474,Havering 011,4161
E02000475,Havering 012,3430.1
E02000476,Havering 013,5976.6
E02000477,Havering 014,5450.7
E02000478,Havering 015,2404.1
E02000479,Havering 016,6871.5
E02000480,Havering 017,4100.7
E02000481,Havering 018,672.5
E02000482,Havering 019,2327.9
E02000483,Havering 020,4991.9
E02000484,Havering 021,4588.8
E02000485,Havering 022,4048.3
E02000486,Havering 023,5771.8
E02000487,Havering 024,614.3
E02000488,Havering 025,4144.7
E02000489,Havering 026,3321.9
E02000490,Havering 027,4128
E02000491,Havering 028,2216.4
E02000492,Havering 029,486.3
E02000493,Havering 030,5226.1
E02000494,Hillingdon 001,1279.2
E02000495,Hillingdon 002,3819.1
E02000496,Hillingdon 003,512.4
E02000497,Hillingdon 004,3523.6
E02000498,Hillingdon 005,2032.3
E02000499,Hillingdon 006,4803.3
E02000500,Hillingdon 007,2856.6
E02000501,Hillingdon 008,5899.3
E02000502,Hillingdon 009,2143.3
E02000503,Hillingdon 010,6296.6
E02000504,Hillingdon 011,2494.5
E02000506,Hillingdon 013,1451.3
E02000507,Hillingdon 014,3066.5
E02000508,Hillingdon 015,4350
E02000509,Hillingdon 016,5241.1
E02000510,Hillingdon 017,4277.7
E02000511,Hillingdon 018,4158.6
E02000512,Hillingdon 019,6269
E02000513,Hillingdon 020,6633.6
E02000514,Hillingdon 021,8900.9
E02000515,Hillingdon 022,4216.5
E02000516,Hillingdon 023,5224.5
E02000517,Hillingdon 024,6767.1
E02000518,Hillingdon 025,3817.4
E02000519,Hillingdon 026,5259
E02000520,Hillingdon 027,3224.6
E02000521,Hillingdon 028,5374.9
E02000522,Hillingdon 029,6100.1
E02000523,Hillingdon 030,6906.9
E02000524,Hillingdon 031,367.4
E02000525,Hillingdon 032,2473.7
E02000526,Hounslow 001,9345.6
E02000529,Hounslow 004,8221.4
E02000530,Hounslow 005,2981.8
E02000531,Hounslow 006,4527.3
E02000532,Hounslow 007,3920
E02000533,Hounslow 008,7912.2
E02000534,Hounslow 009,1758.6
E02000535,Hounslow 010,6485.6
E02000536,Hounslow 011,6749.1
E02000537,Hounslow 012,5214.2
E02000538,Hounslow 013,4291.5
E02000539,Hounslow 014,7425.6
E02000540,Hounslow 015,9666.7
E02000541,Hounslow 016,10069.2
E02000542,Hounslow 017,11762
E02000543,Hounslow 018,12233.3
E02000544,Hounslow 019,6175.2
E02000545,Hounslow 020,7037.7
E02000546,Hounslow 021,4238.4
E02000547,Hounslow 022,3369.3
E02000548,Hounslow 023,2997.3
E02000549,Hounslow 024,5106.5
E02000550,Hounslow 025,11335.4
E02000551,Hounslow 026,4578.4
E02000552,Hounslow 027,3025.4
E02000553,Hounslow 028,2821.2
E02000554,Islington 001,14685.3
E02000555,Islington 002,16056
E02000556,Islington 003,17510.8
E02000557,Islington 004,12394.9
E02000558,Islington 005,19619.4
E02000559,Islington 006,16609.5
E02000560,Islington 007,14619.4
E02000561,Islington 008,12040.7
E02000562,Islington 009,12137.3
E02000563,Islington 010,14966.4
E02000564,Islington 011,15377
E02000565,Islington 012,16654.3
E02000566,Islington 013,12215.9
E02000567,Islington 014,15710.4
E02000568,Islington 015,12560.4
E02000569,Islington 016,14190.5
E02000570,Islington 017,13782.4
E02000571,Islington 018,17861.9
E02000572,Islington 019,18765.3
E02000573,Islington 020,14250.4
E02000574,Islington 021,12879
E02000575,Islington 022,12169.8
E02000576,Islington 023,14117.7
E02000577,Kensington and Chelsea 001,8849
E02000578,Kensington and Chelsea 002,11687.8
E02000579,Kensington and Chelsea 003,14730.5
E02000580,Kensington and Chelsea 004,19931.8
E02000581,Kensington and Chelsea 005,17134.9
E02000582,Kensington and Chelsea 006,13407.8
E02000583,Kensington and Chelsea 007,11167.5
E02000584,Kensington and Chelsea 008,7870.8
E02000585,Kensington and Chelsea 009,8908.5
E02000586,Kensington and Chelsea 010,12324.4
E02000587,Kensington and Chelsea 011,12437.3
E02000588,Kensington and Chelsea 012,7800.5
E02000589,Kensington and Chelsea 013,19552.3
E02000590,Kensington and Chelsea 014,12972.9
E02000591,Kensington and Chelsea 015,17221.3
E02000592,Kensington and Chelsea 016,10156.8
E02000593,Kensington and Chelsea 017,14839.4
E02000594,Kensington and Chelsea 018,8343.4
E02000595,Kensington and Chelsea 019,9699.4
E02000596,Kensington and Chelsea 020,12083.3
E02000597,Kensington and Chelsea 021,16040.5
E02000598,Kingston upon Thames 001,6083.6
E02000599,Kingston upon Thames 002,1686.5
E02000600,Kingston upon Thames 003,7564.2
E02000601,Kingston upon Thames 004,11112.8
E02000602,Kingston upon Thames 005,9571.2
E02000603,Kingston upon Thames 006,6524.1
E02000604,Kingston upon Thames 007,6029.1
E02000605,Kingston upon Thames 008,5902.9
E02000606,Kingston upon Thames 009,7050.1
E02000607,Kingston upon Thames 010,4716.1
E02000608,Kingston upon Thames 011,8765.4
E02000609,Kingston upon Thames 012,5174
E02000610,Kingston upon Thames 013,7146.2
E02000611,Kingston upon Thames 014,4135.6
E02000612,Kingston upon Thames 015,4372.8
E02000613,Kingston upon Thames 016,6725.7
E02000614,Kingston upon Thames 017,3147.4
E02000615,Kingston upon Thames 018,4817.5
E02000616,Kingston upon Thames 019,4620.7
E02000617,Kingston upon Thames 020,1252.6
E02000619,Lambeth 002,16582.8
E02000620,Lambeth 003,13499.2
E02000621,Lambeth 004,17174.2
E02000622,Lambeth 005,10789.6
E02000623,Lambeth 006,17136.9
E02000624,Lambeth 007,16729.2
E02000625,Lambeth 008,16779.1
E02000626,Lambeth 009,15045
E02000627,Lambeth 010,18154.7
E02000628,Lambeth 011,16445.6
E02000629,Lambeth 012,14212
E02000630,Lambeth 013,11108.2
E02000631,Lambeth 014,8947
E02000632,Lambeth 015,18151.9
E02000633,Lambeth 016,14500.6
E02000634,Lambeth 017,12994.2
E02000635,Lambeth 018,7896.3
E02000636,Lambeth 019,8353.5
E02000637,Lambeth 020,14384.5
E02000638,Lambeth 021,14968.6
E02000639,Lambeth 022,14241
E02000640,Lambeth 023,11359.2
E02000641,Lambeth 024,14129
E02000642,Lambeth 025,9047.2
E02000643,Lambeth 026,13395.2
E02000644,Lambeth 027,9421.7
E02000645,Lambeth 028,8413.2
E02000646,Lambeth 029,10021.1
E02000647,Lambeth 030,8881.5
E02000648,Lambeth 031,11111.9
E02000649,Lambeth 032,12043.4
E02000650,Lambeth 033,9926.2
E02000651,Lambeth 034,7803.9
E02000652,Lambeth 035,10998.1
E02000653,Lewisham 001,18645.4
E02000654,Lewisham 002,9287.5
E02000655,Lewisham 003,10508.9
E02000657,Lewisham 005,11336.7
E02000658,Lewisham 006,11135.7
E02000659,Lewisham 007,7859.4
E02000660,Lewisham 008,10100.9
E02000661,Lewisham 009,5046.2
E02000662,Lewisham 010,10772.7
E02000663,Lewisham 011,10361.3
E02000665,Lewisham 013,10189.9
E02000666,Lewisham 014,7550.7
E02000667,Lewisham 015,9193
E02000668,Lewisham 016,6798.1
E02000669,Lewisham 017,12413.6
E02000670,Lewisham 018,10790
E02000671,Lewisham 019,8790.1
E02000672,Lewisham 020,8860.5
E02000673,Lewisham 021,7676.9
E02000674,Lewisham 022,10341.3
E02000675,Lewisham 023,5949.2
E02000676,Lewisham 024,10480
E02000677,Lewisham 025,6865.4
E02000678,Lewisham 026,6736.7
E02000679,Lewisham 027,8664.1
E02000680,Lewisham 028,9170
E02000681,Lewisham 029,6258.7
E02000682,Lewisham 030,7504
E02000683,Lewisham 031,7056.6
E02000685,Lewisham 033,8407.6
E02000686,Lewisham 034,4353.3
E02000687,Lewisham 035,10636.9
E02000689,Merton 001,4645.7
E02000690,Merton 002,1022.6
E02000691,Merton 003,7923.1
E02000692,Merton 004,6690.3
E02000693,Merton 005,9406.2
E02000694,Merton 006,11754.9
E02000695,Merton 007,10712.9
E02000696,Merton 008,11646.4
E02000697,Merton 009,7535.8
E02000698,Merton 010,4692.8
E02000699,Merton 011,8825.6
E02000700,Merton 012,9394.7
E02000701,Merton 013,9418.7
E02000702,Merton 014,5982.4
E02000703,Merton 015,5399
E02000704,Merton 016,5146
E02000705,Merton 017,7512.1
E02000706,Merton 018,11093.3
E02000707,Merton 019,7162.2
E02000708,Merton 020,5398.5
E02000709,Merton 021,4645.4
E02000710,Merton 022,2847.6
E02000711,Merton 023,7096.5
E02000712,Merton 024,5929
E02000713,Merton 025,5088
E02000714,Newham 001,14037.9
E02000715,Newham 002,16767
E02000716,Newham 003,4691.1
E02000717,Newham 004,16818.3
E02000718,Newham 005,11847.7
E02000719,Newham 006,11631.9
E02000720,Newham 007,14275.6
E02000721,Newham 008,16184.5
E02000722,Newham 009,18000.9
E02000723,Newham 010,15765.4
E02000724,Newham 011,20175.1
E02000725,Newham 012,12598.7
E02000727,Newham 014,21589
E02000728,Newham 015,13006.4
E02000729,Newham 016,10404.7
E02000730,Newham 017,19725.9
E02000731,Newham 018,17149.3
E02000732,Newham 019,20154
E02000733,Newham 020,13641.4
E02000734,Newham 021,19180.5
E02000735,Newham 022,15708.8
E02000736,Newham 023,7344.4
E02000737,Newham 024,12342.7
E02000738,Newham 025,20855.8
E02000739,Newham 026,17035.7
E02000740,Newham 027,5348.6
E02000741,Newham 028,10913.3
E02000742,Newham 029,11003.8
E02000743,Newham 030,16407.6
E02000744,Newham 031,15329.2
E02000745,Newham 032,11870.8
E02000746,Newham 033,2237
E02000747,Newham 034,6901.7
E02000748,Newham 035,4711.9
E02000749,Newham 036,6731
E02000751,Redbridge 001,3629.4
E02000752,Redbridge 002,1798
E02000753,Redbridge 003,9134.1
E02000754,Redbridge 004,5489.5
E02000755,Redbridge 005,4073.2
E02000756,Redbridge 006,4061
E02000757,Redbridge 007,8308
E02000758,Redbridge 008,6005.2
E02000759,Redbridge 009,5582.9
E02000760,Redbridge 010,7250.5
E02000762,Redbridge 012,8261.8
E02000763,Redbridge 013,1036.1
E02000764,Redbridge 014,6195
E02000765,Redbridge 015,10376.4
E02000767,Redbridge 017,9835.8
E02000768,Redbridge 018,3407.1
E02000770,Redbridge 020,6975.4
E02000772,Redbridge 022,5974.2
E02000773,Redbridge 023,11274.2
E02000774,Redbridge 024,11940.8
E02000776,Redbridge 026,11725.8
E02000777,Redbridge 027,1715.6
E02000779,Redbridge 029,9418.2
E02000781,Redbridge 031,8648
E02000782,Redbridge 032,16771.8
E02000783,Redbridge 033,13056.1
E02000784,Richmond upon Thames 001,3837.1
E02000785,Richmond upon Thames 002,2397.3
E02000786,Richmond upon Thames 003,6171.4
E02000787,Richmond upon Thames 004,6867.4
E02000788,Richmond upon Thames 005,8385.4
E02000789,Richmond upon Thames 006,3432.7
E02000790,Richmond upon Thames 007,8290.3
E02000791,Richmond upon Thames 008,5779.6
E02000792,Richmond upon Thames 009,5739.1
E02000793,Richmond upon Thames 010,6110.2
E02000794,Richmond upon Thames 011,4790.7
E02000795,Richmond upon Thames 012,573.2
E02000796,Richmond upon Thames 013,5797.7
E02000797,Richmond upon Thames 014,8635.7
E02000798,Richmond upon Thames 015,4603.8
E02000799,Richmond upon Thames 016,5139.7
E02000800,Richmond upon Thames 017,2951.5
E02000801,Richmond upon Thames 018,7181.8
E02000802,Richmond upon Thames 019,4844.4
E02000803,Richmond upon Thames 020,4983.3
E02000804,Richmond upon Thames 021,1907.2
E02000805,Richmond upon Thames 022,3923.2
E02000806,Richmond upon Thames 023,1497.6
E02000807,Southwark 001,11517.6
E02000808,Southwark 002,9669.1
E02000810,Southwark 004,17338.6
E02000812,Southwark 006,15374.1
E02000813,Southwark 007,11445.4
E02000814,Southwark 008,10488.2
E02000815,Southwark 009,18072.2
E02000816,Southwark 010,12650.1
E02000817,Southwark 011,10297.4
E02000818,Southwark 012,16725.3
E02000819,Southwark 013,15832.7
E02000820,Southwark 014,20539.9
E02000821,Southwark 015,13031.6
E02000822,Southwark 016,14021.3
E02000823,Southwark 017,13494.4
E02000824,Southwark 018,10198.8
E02000825,Southwark 019,19201.9
E02000826,Southwark 020,17965.5
E02000827,Southwark 021,16604.5
E02000828,Southwark 022,13848.2
E02000829,Southwark 023,13778.5
E02000830,Southwark 024,10630.6
E02000831,Southwark 025,11605.7
E02000832,Southwark 026,11452.9
E02000833,Southwark 027,9060.9
E02000834,Southwark 028,7735.7
E02000835,Southwark 029,5259.9
E02000836,Southwark 030,10975
E02000837,Southwark 031,3595.3
E02000838,Southwark 032,8877.4
E02000839,Southwark 033,3070.2
E02000840,Sutton 001,6815.6
E02000841,Sutton 002,7954.3
E02000842,Sutton 003,5116.2
E02000843,Sutton 004,7410.6
E02000844,Sutton 005,8564.5
E02000845,Sutton 006,6252.9
E02000846,Sutton 007,5574.3
E02000847,Sutton 008,6110.6
E02000848,Sutton 009,7081.7
E02000849,Sutton 010,6849
E02000850,Sutton 011,2176
E02000851,Sutton 012,10142.8
E02000852,Sutton 013,8593.7
E02000853,Sutton 014,6554.1
E02000854,Sutton 015,4678.3
E02000855,Sutton 016,4408.4
E02000856,Sutton 017,7448.5
E02000857,Sutton 018,8816
E02000858,Sutton 019,5589.5
E02000859,Sutton 020,4961.7
E02000860,Sutton 021,10003.4
E02000861,Sutton 022,3035
E02000863,Sutton 024,1026.3
E02000864,Tower Hamlets 001,8921.9
E02000865,Tower Hamlets 002,17164.7
E02000866,Tower Hamlets 003,9385.5
E02000867,Tower Hamlets 004,14002.5
E02000868,Tower Hamlets 005,20022.3
E02000869,Tower Hamlets 006,18453.6
E02000870,Tower Hamlets 007,16129.1
E02000871,Tower Hamlets 008,17205.6
E02000872,Tower Hamlets 009,17811.1
E02000873,Tower Hamlets 010,19512.7
E02000874,Tower Hamlets 011,21860.6
E02000875,Tower Hamlets 012,20328
E02000876,Tower Hamlets 013,13507.9
E02000877,Tower Hamlets 014,17094.6
E02000878,Tower Hamlets 015,16342.4
E02000879,Tower Hamlets 016,18799
E02000880,Tower Hamlets 017,17487.2
E02000881,Tower Hamlets 018,15345.7
E02000882,Tower Hamlets 019,20022.6
E02000883,Tower Hamlets 020,19634.2
E02000884,Tower Hamlets 021,23407.9
E02000885,Tower Hamlets 022,20863.6
E02000886,Tower Hamlets 023,19686
E02000887,Tower Hamlets 024,18539.3
E02000888,Tower Hamlets 025,16554
E02000889,Tower Hamlets 026,15462.2
E02000890,Tower Hamlets 027,10365.4
E02000893,Tower Hamlets 030,10363.4
E02000894,Tower Hamlets 031,20093.1
E02000895,Waltham Forest 001,3818.2
E02000896,Waltham Forest 002,3314.9
E02000897,Waltham Forest 003,4554
E02000898,Waltham Forest 004,5231.2
E02000899,Waltham Forest 005,7321.1
E02000900,Waltham Forest 006,5777.1
E02000901,Waltham Forest 007,6099.6
E02000902,Waltham Forest 008,8189.4
E02000903,Waltham Forest 009,5225.3
E02000904,Waltham Forest 010,5773
E02000905,Waltham Forest 011,9980.9
E02000906,Waltham Forest 012,15617.2
E02000907,Waltham Forest 013,11839.7
E02000908,Waltham Forest 014,5478.3
E02000909,Waltham Forest 015,6641.1
E02000910,Waltham Forest 016,14452.5
E02000911,Waltham Forest 017,14557
E02000912,Waltham Forest 018,3897.3
E02000913,Waltham Forest 019,9119.5
E02000914,Waltham Forest 020,16866.3
E02000915,Waltham Forest 021,5430.9
E02000916,Waltham Forest 022,4752.8
E02000917,Waltham Forest 023,14122.2
E02000918,Waltham Forest 024,11202.8
E02000919,Waltham Forest 025,16424.9
E02000920,Waltham Forest 026,5894.9
E02000921,Waltham Forest 027,13330.6
E02000922,Waltham Forest 028,16022.4
E02000923,Wandsworth 001,7040.2
E02000925,Wandsworth 003,17865.2
E02000926,Wandsworth 004,18464.5
E02000927,Wandsworth 005,15770.8
E02000928,Wandsworth 006,8896.9
E02000929,Wandsworth 007,20109.2
E02000930,Wandsworth 008,12436.5
E02000931,Wandsworth 009,11079.7
E02000932,Wandsworth 010,10147
E02000933,Wandsworth 011,8249.9
E02000934,Wandsworth 012,11356.5
E02000935,Wandsworth 013,5163.5
E02000936,Wandsworth 014,10388.2
E02000937,Wandsworth 015,6656.1
E02000938,Wandsworth 016,6116.7
E02000939,Wandsworth 017,10736
E02000940,Wandsworth 018,13302.9
E02000941,Wandsworth 019,9524.5
E02000942,Wandsworth 020,9576.8
E02000943,Wandsworth 021,12359.7
E02000944,Wandsworth 022,13036.4
E02000945,Wandsworth 023,3548.6
E02000946,Wandsworth 024,7913.5
E02000947,Wandsworth 025,11216.4
E02000948,Wandsworth 026,7554.4
E02000949,Wandsworth 027,7154.7
E02000950,Wandsworth 028,8832.1
E02000951,Wandsworth 029,13063.2
E02000952,Wandsworth 030,11006.4
E02000953,Wandsworth 031,10898.9
E02000954,Wandsworth 032,13540.5
E02000955,Wandsworth 033,12279.9
E02000956,Wandsworth 034,8655.1
E02000957,Wandsworth 035,14606
E02000958,Wandsworth 036,9290.5
E02000959,Wandsworth 037,15054.5
E02000960,Westminster 001,6671.7
E02000961,Westminster 002,12093.7
E02000962,Westminster 003,11101
E02000963,Westminster 004,21601.3
E02000964,Westminster 005,23873.4
E02000965,Westminster 006,16034.2
E02000966,Westminster 007,16518.5
E02000967,Westminster 008,4282.9
E02000968,Westminster 009,23792.3
E02000969,Westminster 010,17689.2
E02000970,Westminster 011,6306.6
E02000971,Westminster 012,13815.9
E02000972,Westminster 013,6095.9
E02000973,Westminster 014,18357
E02000974,Westminster 015,12628.8
E02000975,Westminster 016,15308.6
E02000976,Westminster 017,18262.9
E02000977,Westminster 018,2544.4
E02000978,Westminster 019,1983.7
E02000979,Westminster 020,5836
E02000980,Westminster 021,19573.7
E02000981,Westminster 022,22719
E02000982,Westminster 023,11712.9
E02000983,Westminster 024,20298.1
E02003237,Peterborough 001,238.2
E02003238,Peterborough 002,2883.9
E02003239,Peterborough 003,200.8
E02003240,Peterborough 004,100
E02003241,Peterborough 005,75.3
E02003242,Peterborough 006,2823.9
E02003243,Peterborough 007,3364.9
E02003244,Peterborough 008,5060.3
E02003245,Peterborough 009,3962.5
E02003246,Peterborough 010,4145.6
E02003247,Peterborough 011,4337.5
E02003248,Peterborough 012,6130.3
E02003249,Peterborough 013,1470.1
E02003250,Peterborough 014,5538.7
E02003251,Peterborough 015,1391.3
E02003252,Peterborough 016,5059
E02003253,Peterborough 017,3783.6
E02003254,Peterborough 018,229.8
E02003255,Peterborough 019,1354.1
E02003257,Peterborough 021,3834.7
E02003258,Luton 001,4126.5
E02003259,Luton 002,3683.2
E02003260,Luton 003,7491.8
E02003261,Luton 004,5068.4
E02003262,Luton 005,6204.7
E02003263,Luton 006,6463.4
E02003264,Luton 007,4370.5
E02003265,Luton 008,2868.1
E02003266,Luton 009,6048
E02003267,Luton 010,10581.1
E02003268,Luton 011,7676.2
E02003269,Luton 012,4424.6
E02003270,Luton 013,5403.7
E02003271,Luton 014,1843.2
E02003272,Luton 015,8157.6
E02003273,Luton 016,4755
E02003274,Luton 017,12575.2
E02003276,Luton 019,5996.6
E02003277,Luton 020,4484
E02003278,Luton 021,4865.7
E02003279,Southend-on-Sea 001,4222.2
E02003280,Southend-on-Sea 002,3597.8
E02003281,Southend-on-Sea 003,3580.7
E02003282,Southend-on-Sea 004,4301.1
E02003283,Southend-on-Sea 005,4853.4
E02003284,Southend-on-Sea 006,3190.3
E02003285,Southend-on-Sea 007,12304
E02003286,Southend-on-Sea 008,3118.7
E02003287,Southend-on-Sea 009,2181.6
E02003288,Southend-on-Sea 010,8088.5
E02003289,Southend-on-Sea 011,6656.1
E02003290,Southend-on-Sea 012,6138.9
E02003291,Southend-on-Sea 013,3081.6
E02003292,Southend-on-Sea 014,9627.4
E02003293,Southend-on-Sea 015,7151.9
E02003294,Southend-on-Sea 016,3300.6
E02003295,Southend-on-Sea 017,3527
E02003296,Thurrock 001,332.6
E02003297,Thurrock 002,3653.1
E02003298,Thurrock 003,3977.9
E02003299,Thurrock 004,135.8
E02003300,Thurrock 005,1437.2
E02003301,Thurrock 006,818
E02003302,Thurrock 007,3363.3
E02003303,Thurrock 008,1075.6
E02003304,Thurrock 009,2756.2
E02003305,Thurrock 010,3275.4
E02003307,Thurrock 012,2917.2
E02003308,Thurrock 013,447.5
E02003309,Thurrock 014,3868.4
E02003311,Thurrock 016,4469
E02003312,Thurrock 017,8644.3
E02003313,Thurrock 018,1298.4
E02003314,Medway 001,129.2
E02003315,Medway 002,224.5
E02003316,Medway 003,433.9
E02003317,Medway 004,1443.9
E02003318,Medway 005,3631.9
E02003319,Medway 006,6351.7
E02003320,Medway 007,2645.4
E02003321,Medway 008,5004.2
E02003322,Medway 009,10346.3
E02003323,Medway 010,4498.9
E02003324,Medway 011,3889.2
E02003325,Medway 012,8824.9
E02003326,Medway 013,8205
E02003327,Medway 014,5059.4
E02003328,Medway 015,4322.4
E02003329,Medway 016,9629
E02003330,Medway 017,7272.1
E02003331,Medway 018,5431.7
E02003332,Medway 019,3489
E02003333,Medway 020,7927.3
E02003334,Medway 021,8659
E02003335,Medway 022,8273.9
E02003336,Medway 023,1101.2
E02003337,Medway 024,1480.4
E02003338,Medway 025,3425.6
E02003339,Medway 026,4145.2
E02003340,Medway 027,4117.5
E02003341,Medway 028,435.9
E02003342,Medway 029,5465.5
E02003343,Medway 030,2040.1
E02003344,Medway 031,1359.3
E02003345,Medway 032,1565.8
E02003346,Medway 033,2963.3
E02003347,Medway 034,5139.5
E02003348,Medway 035,1970.2
E02003349,Medway 036,4582.7
E02003350,Medway 037,4829.9
E02003351,Medway 038,4750.9
E02003352,Bracknell Forest 001,233.5
E02003353,Bracknell Forest 002,576.6
E02003354,Bracknell Forest 003,4146.9
E02003355,Bracknell Forest 004,4041.7
E02003356,Bracknell Forest 005,414.7
E02003357,Bracknell Forest 006,4508.7
E02003358,Bracknell Forest 007,3932.7
E02003359,Bracknell Forest 008,5760.2
E02003360,Bracknell Forest 009,2139.5
E02003361,Bracknell Forest 010,3993.6
E02003362,Bracknell Forest 011,5800
E02003363,Bracknell Forest 012,1471
E02003364,Bracknell Forest 013,488.1
E02003365,Bracknell Forest 014,1758.4
E02003366,Bracknell Forest 015,1680.9
E02003367,West Berkshire 001,53.7
E02003368,West Berkshire 002,62
E02003369,West Berkshire 003,150
E02003370,West Berkshire 004,556
E02003371,West Berkshire 005,2349.7
E02003372,West Berkshire 006,2464
E02003373,West Berkshire 007,152.2
E02003374,West Berkshire 008,3476.4
E02003375,West Berkshire 009,223.5
E02003376,West Berkshire 010,213.1
E02003377,West Berkshire 011,118
E02003378,West Berkshire 012,701.6
E02003379,West Berkshire 013,4246.3
E02003380,West Berkshire 014,2427.6
E02003381,West Berkshire 015,357.3
E02003382,West Berkshire 016,5670.5
E02003383,West Berkshire 017,1097.8
E02003384,West Berkshire 018,48.8
E02003385,West Berkshire 019,889
E02003386,West Berkshire 020,4551.8
E02003387,West Berkshire 021,2692.6
E02003388,West Berkshire 022,166.6
E02003389,Reading 001,2728.5
E02003390,Reading 002,2660.4
E02003391,Reading 003,3975.7
E02003392,Reading 004,5816.6
E02003393,Reading 005,4092.6
E02003394,Reading 006,5196.3
E02003395,Reading 007,3976.6
E02003396,Reading 008,7733.9
E02003397,Reading 009,4755.4
E02003398,Reading 010,9853.9
E02003400,Reading 012,9082.6
E02003401,Reading 013,3265.2
E02003402,Reading 014,7470.4
E02003403,Reading 015,2845.3
E02003404,Reading 016,4661.5
E02003405,Reading 017,2758.1
E02003406,Reading 018,3209.2
E02003407,Slough 001,6348.2
E02003408,Slough 002,4884.3
E02003409,Slough 003,4753.5
E02003410,Slough 004,7792
E02003411,Slough 005,6583.1
E02003412,Slough 006,7233.4
E02003414,Slough 008,3732.6
E02003415,Slough 009,6372
E02003416,Slough 010,4828
E02003417,Slough 011,4391.5
E02003418,Slough 012,6553
E02003419,Slough 013,6622.2
E02003420,Slough 014,1139.6
E02003421,Windsor and Maidenhead 001,1387
E02003422,Windsor and Maidenhead 002,167.8
E02003423,Windsor and Maidenhead 003,5688.4
E02003424,Windsor and Maidenhead 004,1768.9
E02003425,Windsor and Maidenhead 005,5117.7
E02003426,Windsor and Maidenhead 006,2780.4
E02003427,Windsor and Maidenhead 007,4885.7
E02003428,Windsor and Maidenhead 008,1728.2
E02003429,Windsor and Maidenhead 009,300.4
E02003430,Windsor and Maidenhead 010,914.4
E02003431,Windsor and Maidenhead 011,635.2
E02003432,Windsor and Maidenhead 012,2964.2
E02003433,Windsor and Maidenhead 013,3261.9
E02003434,Windsor and Maidenhead 014,5277.9
E02003435,Windsor and Maidenhead 015,786.1
E02003436,Windsor and Maidenhead 016,396.7
E02003437,Windsor and Maidenhead 017,792.2
E02003438,Windsor and Maidenhead 018,1130
E02003439,Wokingham 001,183.5
E02003440,Wokingham 002,1501.3
E02003441,Wokingham 003,1229.9
E02003442,Wokingham 004,1449.3
E02003443,Wokingham 005,4000.8
E02003444,Wokingham 006,2873.7
E02003445,Wokingham 007,3494.4
E02003446,Wokingham 008,3312.1
E02003447,Wokingham 009,1982.9
E02003448,Wokingham 010,400.3
E02003449,Wokingham 011,4545.6
E02003450,Wokingham 012,1809.7
E02003451,Wokingham 013,3417.5
E02003452,Wokingham 014,3284.3
E02003453,Wokingham 015,1153.5
E02003454,Wokingham 016,1807.3
E02003455,Wokingham 017,408
E02003456,Wokingham 018,385.9
E02003457,Wokingham 019,843.3
E02003458,Wokingham 020,867.2
E02003459,Milton Keynes 001,172.5
E02003460,Milton Keynes 002,91.1
E02003461,Milton Keynes 003,1845.5
E02003462,Milton Keynes 004,2429.7
E02003463,Milton Keynes 005,2334
E02003464,Milton Keynes 006,3638.5
E02003465,Milton Keynes 007,1733.8
E02003466,Milton Keynes 008,3646.7
E02003467,Milton Keynes 009,2339
E02003468,Milton Keynes 010,1550
E02003469,Milton Keynes 011,2845.9
E02003470,Milton Keynes 012,3215.7
E02003471,Milton Keynes 013,3604.5
E02003472,Milton Keynes 014,1834.8
E02003473,Milton Keynes 015,1731.1
E02003474,Milton Keynes 016,2174.8
E02003476,Milton Keynes 018,4255.1
E02003478,Milton Keynes 020,1869.1
E02003479,Milton Keynes 021,4279.1
E02003480,Milton Keynes 022,2141
E02003481,Milton Keynes 023,1228.6
E02003482,Milton Keynes 024,438.7
E02003483,Milton Keynes 025,4411.5
E02003484,Milton Keynes 026,3622.3
E02003485,Milton Keynes 027,4788.3
E02003486,Milton Keynes 028,2477.2
E02003487,Milton Keynes 029,3571.5
E02003488,Milton Keynes 030,4633.1
E02003489,Milton Keynes 031,3187.5
E02003490,Milton Keynes 032,2708.7
E02003491,Brighton and Hove 001,2447.9
E02003492,Brighton and Hove 002,1679.3
E02003493,Brighton and Hove 003,784.2
E02003494,Brighton and Hove 004,3959.9
E02003495,Brighton and Hove 005,1264.9
E02003496,Brighton and Hove 006,1359.6
E02003497,Brighton and Hove 007,3172.6
E02003498,Brighton and Hove 008,2382.2
E02003499,Brighton and Hove 009,2558.8
E02003500,Brighton and Hove 010,11583
E02003501,Brighton and Hove 011,4571.5
E02003502,Brighton and Hove 012,6367.1
E02003503,Brighton and Hove 013,4760.4
E02003504,Brighton and Hove 014,7429.5
E02003505,Brighton and Hove 015,15473.7
E02003506,Brighton and Hove 016,9610.9
E02003507,Brighton and Hove 017,1158.7
E02003508,Brighton and Hove 018,10071.7
E02003509,Brighton and Hove 019,11947.3
E02003510,Brighton and Hove 020,10606.9
E02003511,Brighton and Hove 021,5378.9
E02003512,Brighton and Hove 022,19130.5
E02003513,Brighton and Hove 023,8074.7
E02003514,Brighton and Hove 024,18594.3
E02003515,Brighton and Hove 025,2497.4
E02003516,Brighton and Hove 026,17437.6
E02003517,Brighton and Hove 027,7775.5
E02003518,Brighton and Hove 028,9232.3
E02003519,Brighton and Hove 029,18327
E02003520,Brighton and Hove 030,14148.4
E02003521,Brighton and Hove 031,9571.1
E02003522,Brighton and Hove 032,2974.8
E02003523,Brighton and Hove 033,1259.8
E02003524,Portsmouth 001,4316.3
E02003525,Portsmouth 002,3199.2
E02003526,Portsmouth 003,3022.4
E02003527,Portsmouth 004,1659.1
E02003529,Portsmouth 006,5577.7
E02003530,Portsmouth 007,4651.4
E02003531,Portsmouth 008,2008.9
E02003532,Portsmouth 009,9996.2
E02003533,Portsmouth 010,4259.3
E02003534,Portsmouth 011,10632.3
E02003535,Portsmouth 012,15088.2
E02003536,Portsmouth 013,6947
E02003537,Portsmouth 014,6794.2
E02003538,Portsmouth 015,10762.9
E02003540,Portsmouth 017,3709.4
E02003541,Portsmouth 018,15869.1
E02003542,Portsmouth 019,15555.8
E02003543,Portsmouth 020,15123.1
E02003544,Portsmouth 021,13050.4
E02003545,Portsmouth 022,11795.8
E02003546,Portsmouth 023,4225.5
E02003547,Portsmouth 024,4445.8
E02003548,Portsmouth 025,11374.5
E02003549,Southampton 001,3158.1
E02003550,Southampton 002,4556.1
E02003551,Southampton 003,3426.5
E02003552,Southampton 004,5640.9
E02003553,Southampton 005,6649.9
E02003554,Southampton 006,3299.1
E02003555,Southampton 007,5532.4
E02003556,Southampton 008,3691.3
E02003557,Southampton 009,4146.2
E02003558,Southampton 010,6132.3
E02003559,Southampton 011,3176.7
E02003560,Southampton 012,3038.7
E02003561,Southampton 013,7955.6
E02003562,Southampton 014,5759.2
E02003563,Southampton 015,7586.3
E02003564,Southampton 016,5918.2
E02003565,Southampton 017,10905.1
E02003566,Southampton 018,5100.8
E02003567,Southampton 019,3001
E02003568,Southampton 020,8679.1
E02003569,Southampton 021,3888.6
E02003570,Southampton 022,7449.3
E02003571,Southampton 023,5674
E02003572,Southampton 024,4629.9
E02003573,Southampton 025,5355.3
E02003574,Southampton 026,4883.6
E02003575,Southampton 027,6237.1
E02003576,Southampton 028,6154.7
E02003578,Southampton 030,4577.1
E02003579,Southampton 031,5492.8
E02003580,Southampton 032,5372.1
E02003581,Isle of Wight 001,4896.4
E02003582,Isle of Wight 002,772.5
E02003583,Isle of Wight 003,697.2
E02003584,Isle of Wight 004,4352.8
E02003585,Isle of Wight 005,548.7
E02003586,Isle of Wight 006,505.5
E02003587,Isle of Wight 007,2892.2
E02003588,Isle of Wight 008,411
E02003589,Isle of Wight 009,997.2
E02003590,Isle of Wight 010,446.3
E02003591,Isle of Wight 011,376.6
E02003592,Isle of Wight 012,352.8
E02003593,Isle of Wight 013,58.5
E02003594,Isle of Wight 014,502.2
E02003595,Isle of Wight 015,401.7
E02003596,Isle of Wight 016,1407.7
E02003597,Isle of Wight 017,75.9
E02003598,Isle of Wight 018,462
E02003599,Central Bedfordshire 001,5224.9
E02003600,Central Bedfordshire 002,388.5
E02003601,Central Bedfordshire 003,130.1
E02003602,Central Bedfordshire 004,85.8
E02003603,Central Bedfordshire 005,1854.8
E02003604,Central Bedfordshire 006,881.9
E02003605,Central Bedfordshire 007,252.3
E02003606,Central Bedfordshire 008,217.6
E02003607,Central Bedfordshire 009,147.8
E02003608,Central Bedfordshire 010,515.2
E02003609,Central Bedfordshire 011,300.3
E02003610,Central Bedfordshire 012,601
E02003611,Central Bedfordshire 013,411.8
E02003612,Central Bedfordshire 014,1068.1
E02003613,Central Bedfordshire 015,1545.2
E02003614,Central Bedfordshire 016,772.9
E02003615,Central Bedfordshire 017,263.7
E02003616,Bedford 001,54.8
E02003617,Bedford 002,78.9
E02003618,Bedford 003,200.4
E02003619,Bedford 004,103.5
E02003620,Bedford 005,3604
E02003621,Bedford 006,3318.6
E02003622,Bedford 007,3766.6
E02003623,Bedford 008,949.7
E02003624,Bedford 009,3388.9
E02003625,Bedford 010,3737.6
E02003626,Bedford 011,1593.4
E02003627,Bedford 012,6565.3
E02003628,Bedford 013,5328.9
E02003629,Bedford 014,2528.3
E02003630,Bedford 015,5039.2
E02003631,Bedford 016,2925.4
E02003632,Bedford 017,6363.5
E02003633,Bedford 018,1661.5
E02003635,Bedford 020,633.5
E02003636,Central Bedfordshire 018,213.8
E02003637,Central Bedfordshire 019,162.4
E02003638,Central Bedfordshire 020,1806.5
E02003639,Central Bedfordshire 021,5394
E02003640,Central Bedfordshire 022,1505.2
E02003641,Central Bedfordshire 023,2556.7
E02003642,Central Bedfordshire 025,2327.8
E02003643,Central Bedfordshire 024,2904.1
E02003644,Central Bedfordshire 026,1199.9
E02003645,Central Bedfordshire 027,3142.4
E02003646,Central Bedfordshire 028,4405.7
E02003647,Central Bedfordshire 029,5213.9
E02003648,Central Bedfordshire 030,4490.8
E02003649,Central Bedfordshire 031,5145.3
E02003650,Central Bedfordshire 032,162.3
E02003651,Central Bedfordshire 033,223.9
E02003652,Buckinghamshire 001,150
E02003653,Buckinghamshire 002,1947.5
E02003654,Buckinghamshire 003,88
E02003655,Buckinghamshire 004,71.3
E02003656,Buckinghamshire 005,255.8
E02003657,Buckinghamshire 006,88.5
E02003658,Buckinghamshire 007,147.2
E02003659,Buckinghamshire 009,89.9
E02003660,Buckinghamshire 008,182.4
E02003661,Buckinghamshire 010,60.9
E02003662,Buckinghamshire 012,3234.6
E02003663,Buckinghamshire 011,1424.4
E02003664,Buckinghamshire 013,4674.7
E02003665,Buckinghamshire 014,4138.3
E02003666,Buckinghamshire 015,5456.4
E02003667,Buckinghamshire 016,5725.2
E02003668,Buckinghamshire 018,3434.8
E02003669,Buckinghamshire 017,5158.2
E02003670,Buckinghamshire 019,4805.9
E02003671,Buckinghamshire 020,6050.3
E02003672,Buckinghamshire 021,354.2
E02003673,Buckinghamshire 022,185.8
E02003674,Buckinghamshire 023,141
E02003675,Buckinghamshire 024,398.3
E02003676,Buckinghamshire 029,113.8
E02003677,Buckinghamshire 027,2861.4
E02003678,Buckinghamshire 028,1531.3
E02003679,Buckinghamshire 030,1019.3
E02003680,Buckinghamshire 031,510.7
E02003681,Buckinghamshire 032,1630.3
E02003682,Buckinghamshire 034,447.7
E02003683,Buckinghamshire 035,786.5
E02003685,Buckinghamshire 047,617.2
E02003686,Buckinghamshire 050,824.4
E02003687,Buckinghamshire 054,839.2
E02003688,Buckinghamshire 053,622.5
E02003689,Buckinghamshire 058,680.4
E02003690,Buckinghamshire 059,562.2
E02003691,Buckinghamshire 063,444.6
E02003692,Buckinghamshire 064,369.3
E02003693,Buckinghamshire 065,210
E02003694,Buckinghamshire 066,3972.4
E02003695,Buckinghamshire 067,609.3
E02003696,Buckinghamshire 026,802.8
E02003697,Buckinghamshire 025,103.2
E02003698,Buckinghamshire 033,440.2
E02003699,Buckinghamshire 037,219.4
E02003701,Buckinghamshire 038,2064.3
E02003702,Buckinghamshire 040,74.8
E02003703,Buckinghamshire 041,3511
E02003704,Buckinghamshire 045,1342.1
E02003705,Buckinghamshire 042,7452
E02003706,Buckinghamshire 043,5574
E02003707,Buckinghamshire 044,2002
E02003708,Buckinghamshire 046,8795.2
E02003709,Buckinghamshire 048,3246.2
E02003710,Buckinghamshire 049,2834.6
E02003711,Buckinghamshire 051,2325.6
E02003712,Buckinghamshire 052,1122.6
E02003713,Buckinghamshire 055,1357.9
E02003714,Buckinghamshire 056,926.2
E02003715,Buckinghamshire 057,200.5
E02003716,Buckinghamshire 060,1163.2
E02003717,Buckinghamshire 062,1868.7
E02003718,Buckinghamshire 061,2816.4
E02003719,Cambridge 001,6565.4
E02003720,Cambridge 002,6506.9
E02003721,Cambridge 003,3717.3
E02003722,Cambridge 004,5561.7
E02003723,Cambridge 005,3806.2
E02003724,Cambridge 006,2620.3
E02003725,Cambridge 007,2646.1
E02003726,Cambridge 008,7807.6
E02003727,Cambridge 009,6846.5
E02003728,Cambridge 010,5606.6
E02003729,Cambridge 011,2537.6
E02003731,Cambridge 013,2639.2
E02003732,East Cambridgeshire 001,133.9
E02003733,East Cambridgeshire 002,81.7
E02003734,East Cambridgeshire 003,1142.5
E02003735,East Cambridgeshire 004,176.7
E02003736,East Cambridgeshire 005,114.4
E02003737,East Cambridgeshire 006,192.9
E02003738,East Cambridgeshire 007,92.5
E02003739,East Cambridgeshire 008,250
E02003740,East Cambridgeshire 009,74.5
E02003742,Fenland 001,133.4
E02003743,Fenland 002,4284.7
E02003744,Fenland 003,852.1
E02003745,Fenland 004,70.3
E02003746,Fenland 005,265.8
E02003747,Fenland 006,1175
E02003748,Fenland 007,501.6
E02003749,Fenland 008,66.1
E02003750,Fenland 009,225.5
E02003751,Fenland 010,86.7
E02003752,Fenland 011,182.9
E02003753,Huntingdonshire 001,353.1
E02003754,Huntingdonshire 002,69.1
E02003755,Huntingdonshire 003,133.5
E02003756,Huntingdonshire 004,80.6
E02003757,Huntingdonshire 005,139
E02003758,Huntingdonshire 006,73.4
E02003759,Huntingdonshire 007,229.5
E02003760,Huntingdonshire 008,2615.6
E02003761,Huntingdonshire 009,3321.3
E02003762,Huntingdonshire 010,219.2
E02003763,Huntingdonshire 011,1847.1
E02003764,Huntingdonshire 012,2232.5
E02003765,Huntingdonshire 013,1715
E02003766,Huntingdonshire 014,397.6
E02003767,Huntingdonshire 015,38.5
E02003768,Huntingdonshire 016,254.8
E02003769,Huntingdonshire 017,156.6
E02003770,Huntingdonshire 018,141.2
E02003771,Huntingdonshire 019,1915.7
E02003772,Huntingdonshire 020,2634.2
E02003773,Huntingdonshire 021,3546.3
E02003774,Huntingdonshire 022,2747
E02003775,South Cambridgeshire 001,213.6
E02003776,South Cambridgeshire 002,194.7
E02003777,South Cambridgeshire 003,274.4
E02003778,South Cambridgeshire 004,200.2
E02003780,South Cambridgeshire 006,789.2
E02003781,South Cambridgeshire 007,215.3
E02003784,South Cambridgeshire 010,181.6
E02003785,South Cambridgeshire 011,194.5
E02003786,South Cambridgeshire 012,413.6
E02003787,South Cambridgeshire 013,94.4
E02003788,South Cambridgeshire 014,216.2
E02003789,South Cambridgeshire 015,942.6
E02003790,South Cambridgeshire 016,76.5
E02003791,South Cambridgeshire 017,109
E02003792,South Cambridgeshire 018,154
E02003793,South Cambridgeshire 019,95.9
E02004356,Eastbourne 001,3871.1
E02004357,Eastbourne 002,6932.4
E02004358,Eastbourne 003,3524
E02004359,Eastbourne 004,2512.6
E02004361,Eastbourne 006,806.7
E02004362,Eastbourne 007,4307.6
E02004363,Eastbourne 008,2623.3
E02004364,Eastbourne 009,5715.5
E02004365,Eastbourne 010,10111.6
E02004366,Eastbourne 011,6414.6
E02004367,Eastbourne 012,535.2
E02004368,Hastings 001,2056.4
E02004369,Hastings 002,2514.2
E02004370,Hastings 003,3418.4
E02004371,Hastings 004,1295.7
E02004372,Hastings 005,4849.1
E02004373,Hastings 006,3975.8
E02004374,Hastings 007,4069.3
E02004375,Hastings 008,4651.3
E02004376,Hastings 009,6900.8
E02004377,Hastings 010,2264.1
E02004378,Hastings 011,9310.3
E02004379,Lewes 001,123.5
E02004380,Lewes 002,87.1
E02004381,Lewes 003,1544.2
E02004382,Lewes 004,88.4
E02004383,Lewes 005,1373.5
E02004384,Lewes 006,1564.4
E02004385,Lewes 007,3654.5
E02004386,Lewes 008,1467.3
E02004387,Lewes 009,2275.8
E02004388,Lewes 010,2519.9
E02004389,Lewes 011,1151.2
E02004390,Lewes 012,1164.5
E02004391,Lewes 013,2828.6
E02004392,Rother 001,114.7
E02004393,Rother 002,65.8
E02004394,Rother 003,62.7
E02004395,Rother 004,249.1
E02004396,Rother 005,120
E02004397,Rother 006,123.6
E02004398,Rother 007,2328.9
E02004399,Rother 008,1864.8
E02004400,Rother 009,527.6
E02004401,Rother 010,2909.4
E02004402,Rother 011,6040.2
E02004403,Wealden 001,115.8
E02004404,Wealden 002,63.4
E02004405,Wealden 003,2121
E02004406,Wealden 004,1013.7
E02004407,Wealden 005,107.9
E02004408,Wealden 006,2354.8
E02004409,Wealden 007,67.5
E02004410,Wealden 008,94.6
E02004411,Wealden 009,1981.5
E02004412,Wealden 010,1144.4
E02004413,Wealden 011,144.5
E02004414,Wealden 012,2079.7
E02004415,Wealden 013,78.4
E02004416,Wealden 014,75.8
E02004417,Wealden 015,1191.2
E02004418,Wealden 016,1577.9
E02004419,Wealden 017,685.3
E02004420,Wealden 018,115.7
E02004421,Wealden 019,1327.3
E02004422,Wealden 020,349.7
E02004423,Wealden 021,701.7
E02004424,Basildon 001,2484
E02004425,Basildon 002,1835.2
E02004426,Basildon 003,2482.4
E02004427,Basildon 004,1513.1
E02004428,Basildon 005,3566.3
E02004429,Basildon 006,912.2
E02004430,Basildon 007,2533.6
E02004431,Basildon 008,2106.2
E02004432,Basildon 009,306.4
E02004433,Basildon 010,2025.7
E02004434,Basildon 011,681.6
E02004435,Basildon 012,2998.5
E02004436,Basildon 013,5681
E02004437,Basildon 014,2083.1
E02004438,Basildon 015,2891.8
E02004439,Basildon 016,7276
E02004440,Basildon 017,4455.2
E02004441,Basildon 018,3910.8
E02004442,Basildon 019,6780
E02004443,Basildon 020,2687.6
E02004444,Basildon 021,1547.4
E02004445,Basildon 022,894.5
E02004446,Braintree 001,81.1
E02004447,Braintree 002,42.1
E02004448,Braintree 003,186.3
E02004449,Braintree 004,3822.5
E02004450,Braintree 005,68.2
E02004451,Braintree 006,309.4
E02004452,Braintree 007,343
E02004453,Braintree 008,2572.2
E02004454,Braintree 009,5291.2
E02004455,Braintree 010,672
E02004456,Braintree 011,4521.1
E02004457,Braintree 012,296.8
E02004458,Braintree 013,974.4
E02004459,Braintree 014,223.8
E02004460,Braintree 015,610.2
E02004461,Braintree 016,1377.5
E02004462,Braintree 017,2685
E02004463,Braintree 018,151.6
E02004464,Brentwood 001,206.3
E02004465,Brentwood 002,227.7
E02004466,Brentwood 003,1325.1
E02004467,Brentwood 004,4572.9
E02004468,Brentwood 005,1068.2
E02004469,Brentwood 006,429.5
E02004470,Brentwood 007,4763
E02004471,Brentwood 008,445.5
E02004472,Brentwood 009,296.2
E02004473,Castle Point 001,6058.2
E02004474,Castle Point 002,1370.6
E02004475,Castle Point 003,3709.1
E02004476,Castle Point 004,1659.3
E02004477,Castle Point 005,1500.3
E02004478,Castle Point 006,1164
E02004479,Castle Point 007,2473.3
E02004480,Castle Point 008,3013
E02004481,Castle Point 009,3381
E02004482,Castle Point 010,1062.6
E02004483,Castle Point 011,2128.5
E02004484,Castle Point 012,4164.6
E02004485,Chelmsford 001,177.7
E02004486,Chelmsford 002,1251.4
E02004487,Chelmsford 003,198.7
E02004488,Chelmsford 004,3214.6
E02004489,Chelmsford 005,330.6
E02004490,Chelmsford 006,5274.5
E02004491,Chelmsford 007,3813
E02004492,Chelmsford 008,2900.4
E02004493,Chelmsford 009,3396.2
E02004495,Chelmsford 011,204.2
E02004496,Chelmsford 012,4383.6
E02004497,Chelmsford 013,531.3
E02004498,Chelmsford 014,3342.8
E02004499,Chelmsford 015,6517.6
E02004500,Chelmsford 016,271
E02004501,Chelmsford 017,596.1
E02004502,Chelmsford 018,132.4
E02004503,Chelmsford 019,1538.6
E02004504,Chelmsford 020,2441.4
E02004505,Chelmsford 021,280.5
E02004506,Colchester 001,151.2
E02004507,Colchester 002,2857.7
E02004508,Colchester 003,168.7
E02004512,Colchester 007,3224.6
E02004513,Colchester 008,6032.9
E02004514,Colchester 009,1273.9
E02004515,Colchester 010,180.4
E02004516,Colchester 011,7539.6
E02004517,Colchester 012,1054.6
E02004518,Colchester 013,3565.7
E02004519,Colchester 014,3809
E02004520,Colchester 015,2083.2
E02004521,Colchester 016,981
E02004522,Colchester 017,1235.5
E02004523,Colchester 018,2122.6
E02004524,Colchester 019,81.3
E02004525,Colchester 020,970.4
E02004526,Colchester 021,689.4
E02004527,Epping Forest 001,239
E02004528,Epping Forest 002,195.4
E02004529,Epping Forest 003,53.6
E02004530,Epping Forest 004,791.5
E02004531,Epping Forest 005,900
E02004532,Epping Forest 006,1357.3
E02004533,Epping Forest 007,3524
E02004534,Epping Forest 008,2732.8
E02004535,Epping Forest 009,164.5
E02004536,Epping Forest 010,332.9
E02004537,Epping Forest 011,3012.2
E02004538,Epping Forest 012,1393.5
E02004539,Epping Forest 013,4424
E02004540,Epping Forest 014,1952.8
E02004541,Epping Forest 015,3050.7
E02004542,Epping Forest 016,501
E02004543,Epping Forest 017,4451.6
E02004544,Harlow 001,1855.7
E02004545,Harlow 002,2194.2
E02004546,Harlow 003,3432.3
E02004547,Harlow 004,1798.2
E02004548,Harlow 005,5546.9
E02004549,Harlow 006,4700.1
E02004550,Harlow 007,4870.5
E02004551,Harlow 008,3797.6
E02004552,Harlow 009,3879.2
E02004553,Harlow 010,5090.8
E02004554,Harlow 011,3181.5
E02004555,Maldon 001,109.3
E02004556,Maldon 002,109.6
E02004557,Maldon 003,1298.1
E02004558,Maldon 004,890.8
E02004559,Maldon 005,1756.5
E02004560,Maldon 006,87.7
E02004561,Maldon 007,121.9
E02004562,Maldon 008,411.5
E02004563,Rochford 001,851.7
E02004564,Rochford 002,657.8
E02004566,Rochford 004,130.5
E02004567,Rochford 005,2104.3
E02004568,Rochford 006,682.2
E02004569,Rochford 007,814.5
E02004570,Rochford 008,2594.9
E02004571,Rochford 009,2682.6
E02004572,Rochford 010,133.5
E02004573,Tendring 001,3643
E02004574,Tendring 002,2001.4
E02004575,Tendring 003,184.1
E02004576,Tendring 004,260.9
E02004577,Tendring 005,111.9
E02004578,Tendring 006,1160.4
E02004579,Tendring 007,163.4
E02004580,Tendring 008,677.3
E02004581,Tendring 009,220
E02004582,Tendring 010,1143.3
E02004583,Tendring 011,920.8
E02004584,Tendring 012,2333.7
E02004585,Tendring 013,1651.8
E02004586,Tendring 014,3143.5
E02004587,Tendring 015,3410.5
E02004588,Tendring 016,6972
E02004589,Tendring 017,2964
E02004590,Tendring 018,265.3
E02004591,Uttlesford 001,114.5
E02004592,Uttlesford 002,1718.7
E02004593,Uttlesford 003,81.2
E02004594,Uttlesford 004,66.2
E02004595,Uttlesford 005,212.4
E02004596,Uttlesford 006,157.7
E02004597,Uttlesford 007,416.7
E02004598,Uttlesford 008,127.8
E02004599,Uttlesford 009,90.9
E02004675,Basingstoke and Deane 001,1321.5
E02004676,Basingstoke and Deane 002,286.7
E02004677,Basingstoke and Deane 003,83.7
E02004678,Basingstoke and Deane 004,99.4
E02004679,Basingstoke and Deane 005,162.8
E02004680,Basingstoke and Deane 006,4314.7
E02004681,Basingstoke and Deane 007,4392
E02004682,Basingstoke and Deane 008,1791.1
E02004683,Basingstoke and Deane 009,3327.2
E02004684,Basingstoke and Deane 010,3295.2
E02004685,Basingstoke and Deane 011,3143.4
E02004686,Basingstoke and Deane 012,4870.7
E02004687,Basingstoke and Deane 013,3250.1
E02004688,Basingstoke and Deane 014,3661.3
E02004689,Basingstoke and Deane 015,184.9
E02004690,Basingstoke and Deane 016,3186.6
E02004691,Basingstoke and Deane 017,61
E02004692,Basingstoke and Deane 018,2336.4
E02004693,Basingstoke and Deane 019,4693.6
E02004694,Basingstoke and Deane 020,85.5
E02004695,Basingstoke and Deane 021,4093.6
E02004696,Basingstoke and Deane 022,92.1
E02004697,East Hampshire 001,86.6
E02004698,East Hampshire 002,4074.1
E02004699,East Hampshire 003,1616.5
E02004700,East Hampshire 004,464.5
E02004702,East Hampshire 006,4026.6
E02004703,East Hampshire 007,116.8
E02004704,East Hampshire 008,107.5
E02004705,East Hampshire 009,374.8
E02004706,East Hampshire 010,251.7
E02004707,East Hampshire 011,92.8
E02004708,East Hampshire 012,1843.2
E02004709,East Hampshire 013,389.6
E02004710,East Hampshire 014,606.4
E02004712,Eastleigh 001,2552
E02004713,Eastleigh 002,2662.2
E02004714,Eastleigh 003,2902.4
E02004715,Eastleigh 004,3199.2
E02004716,Eastleigh 005,2080.3
E02004717,Eastleigh 006,1799.3
E02004718,Eastleigh 007,3001.8
E02004719,Eastleigh 008,1156.3
E02004720,Eastleigh 009,932.7
E02004721,Eastleigh 010,1860.8
E02004722,Eastleigh 011,1589.6
E02004723,Eastleigh 012,2043.9
E02004724,Eastleigh 013,1386.2
E02004725,Eastleigh 014,2654.5
E02004726,Eastleigh 015,887.9
E02004727,Fareham 001,1214.9
E02004728,Fareham 002,2727
E02004729,Fareham 003,3695.6
E02004730,Fareham 004,700.4
E02004731,Fareham 005,2877.3
E02004732,Fareham 006,983
E02004733,Fareham 007,728.7
E02004734,Fareham 008,1859.1
E02004735,Fareham 009,3271.7
E02004736,Fareham 010,2722.6
E02004737,Fareham 011,3955.1
E02004738,Fareham 012,3821.4
E02004739,Fareham 013,923.3
E02004740,Fareham 014,2230.9
E02004741,Gosport 001,3257.4
E02004742,Gosport 002,2498.1
E02004743,Gosport 003,2936.9
E02004744,Gosport 004,4255.4
E02004745,Gosport 005,6800.1
E02004746,Gosport 006,2329.1
E02004747,Gosport 007,2925.9
E02004748,Gosport 008,5053.3
E02004749,Gosport 009,3069.6
E02004750,Gosport 010,2528.9
E02004751,Hart 001,1616.5
E02004752,Hart 002,493.4
E02004753,Hart 003,826.3
E02004754,Hart 004,133.4
E02004755,Hart 005,1496.7
E02004756,Hart 006,547.3
E02004757,Hart 007,2740.8
E02004758,Hart 008,281.2
E02004759,Hart 009,2219.2
E02004760,Hart 010,374.8
E02004761,Hart 011,199.1
E02004764,Havant 003,3474.7
E02004765,Havant 004,2856.1
E02004766,Havant 005,4184.1
E02004767,Havant 006,2039.7
E02004768,Havant 007,3621.2
E02004769,Havant 008,2377.1
E02004770,Havant 009,4366.7
E02004771,Havant 010,5257.7
E02004772,Havant 011,2580.3
E02004774,Havant 013,2121.2
E02004775,Havant 014,1410.1
E02004776,Havant 015,522.9
E02004777,Havant 016,2658.4
E02004778,Havant 017,2200.5
E02004779,New Forest 001,78.7
E02004780,New Forest 002,4495.4
E02004781,New Forest 003,2722
E02004782,New Forest 004,1393
E02004783,New Forest 005,3501.4
E02004784,New Forest 006,262.7
E02004785,New Forest 007,54.2
E02004786,New Forest 008,601.7
E02004787,New Forest 009,1992.9
E02004788,New Forest 010,118.6
E02004789,New Forest 011,3163.1
E02004790,New Forest 012,570.3
E02004791,New Forest 013,2362.7
E02004792,New Forest 014,329.9
E02004793,New Forest 015,112.7
E02004794,New Forest 016,79.1
E02004795,New Forest 017,57.2
E02004796,New Forest 018,517
E02004797,New Forest 019,1407.6
E02004798,New Forest 020,2568.9
E02004799,New Forest 021,2829.5
E02004800,New Forest 022,1066.2
E02004801,New Forest 023,454.5
E02004802,Rushmoor 001,3990.8
E02004803,Rushmoor 002,6902.9
E02004804,Rushmoor 003,4326.1
E02004805,Rushmoor 004,2733
E02004806,Rushmoor 005,2841.8
E02004807,Rushmoor 006,3795.9
E02004808,Rushmoor 007,1149.2
E02004809,Rushmoor 008,1061.6
E02004810,Rushmoor 009,5768.3
E02004811,Rushmoor 010,5955.9
E02004812,Rushmoor 011,5725.8
E02004813,Rushmoor 012,4570.1
E02004814,Test Valley 001,100.7
E02004815,Test Valley 002,5871.6
E02004817,Test Valley 004,3307.9
E02004818,Test Valley 005,327.7
E02004819,Test Valley 006,3328.8
E02004820,Test Valley 007,84.9
E02004821,Test Valley 008,47.4
E02004822,Test Valley 009,45
E02004823,Test Valley 010,3990.6
E02004824,Test Valley 011,2834.4
E02004825,Test Valley 012,366.1
E02004826,Test Valley 013,147.8
E02004827,Test Valley 014,2831.3
E02004828,Test Valley 015,325.1
E02004829,Winchester 001,76.5
E02004830,Winchester 002,85
E02004831,Winchester 003,240.3
E02004832,Winchester 004,88.2
E02004833,Winchester 005,2870.5
E02004834,Winchester 006,2038.5
E02004835,Winchester 007,2435.8
E02004836,Winchester 008,5360.1
E02004837,Winchester 009,176.6
E02004838,Winchester 010,159.3
E02004839,Winchester 011,74
E02004840,Winchester 012,438.8
E02004841,Winchester 013,234.8
E02004842,Winchester 014,244.9
E02004843,Broxbourne 001,4222.1
E02004844,Broxbourne 002,3260.8
E02004845,Broxbourne 003,1084.6
E02004846,Broxbourne 004,1554.5
E02004847,Broxbourne 005,2569.1
E02004848,Broxbourne 006,958.6
E02004849,Broxbourne 007,674.5
E02004850,Broxbourne 008,3778.8
E02004851,Broxbourne 009,4570
E02004852,Broxbourne 010,4983
E02004853,Broxbourne 011,1460.3
E02004854,Broxbourne 012,4033.3
E02004855,Broxbourne 013,4046.1
E02004856,Dacorum 001,116.2
E02004857,Dacorum 002,292.2
E02004858,Dacorum 003,1988.4
E02004859,Dacorum 004,193.8
E02004860,Dacorum 005,6610
E02004861,Dacorum 006,165.5
E02004862,Dacorum 007,4414.9
E02004863,Dacorum 008,5569.7
E02004864,Dacorum 009,1245.6
E02004865,Dacorum 010,2282.6
E02004866,Dacorum 011,2474.1
E02004867,Dacorum 012,2658.7
E02004868,Dacorum 013,1961
E02004869,Dacorum 014,1127.6
E02004870,Dacorum 015,5111.8
E02004871,Dacorum 016,1931.1
E02004872,Dacorum 017,4059.8
E02004873,Dacorum 018,3540.5
E02004874,Dacorum 019,4900
E02004875,Dacorum 020,3177.2
E02004876,Dacorum 021,320
E02004877,Dacorum 022,635.3
E02004878,East Hertfordshire 001,180.2
E02004880,East Hertfordshire 003,175.8
E02004881,East Hertfordshire 004,1925
E02004882,East Hertfordshire 005,3000.6
E02004883,East Hertfordshire 006,157.9
E02004884,East Hertfordshire 007,5493.9
E02004885,East Hertfordshire 008,2451.1
E02004886,East Hertfordshire 009,95.5
E02004887,East Hertfordshire 010,102.9
E02004888,East Hertfordshire 011,876.6
E02004889,East Hertfordshire 012,4544.5
E02004890,East Hertfordshire 013,2142.6
E02004891,East Hertfordshire 014,1160.7
E02004892,East Hertfordshire 015,2151.4
E02004893,East Hertfordshire 016,3032.6
E02004894,East Hertfordshire 017,1443.6
E02004895,East Hertfordshire 018,266.6
E02004896,Hertsmere 001,1120
E02004897,Hertsmere 002,1396
E02004898,Hertsmere 003,2504.4
E02004899,Hertsmere 004,155.7
E02004900,Hertsmere 005,878.4
E02004901,Hertsmere 006,4814.1
E02004902,Hertsmere 007,4825.5
E02004903,Hertsmere 008,1465.8
E02004904,Hertsmere 009,3281
E02004905,Hertsmere 010,359
E02004906,Hertsmere 011,4876.3
E02004907,Hertsmere 012,2598.8
E02004908,Hertsmere 013,1636.6
E02004909,North Hertfordshire 001,4749.6
E02004910,North Hertfordshire 002,1611.1
E02004911,North Hertfordshire 003,1451.4
E02004912,North Hertfordshire 004,3299.2
E02004914,North Hertfordshire 006,2327.4
E02004915,North Hertfordshire 007,3086.2
E02004916,North Hertfordshire 008,1622.2
E02004917,North Hertfordshire 009,1150.8
E02004918,North Hertfordshire 010,2161.1
E02004919,North Hertfordshire 011,2238.8
E02004920,North Hertfordshire 012,1741.1
E02004921,North Hertfordshire 013,4303.7
E02004922,North Hertfordshire 014,91.7
E02004923,North Hertfordshire 015,261.3
E02004924,St Albans 001,2341.8
E02004925,St Albans 002,2962.3
E02004926,St Albans 003,2610.9
E02004927,St Albans 004,258.4
E02004928,St Albans 005,1848.3
E02004929,St Albans 006,129.3
E02004930,St Albans 007,484.8
E02004931,St Albans 008,3571.2
E02004932,St Albans 009,3604
E02004933,St Albans 010,3701.7
E02004934,St Albans 011,5218.7
E02004935,St Albans 012,7048.5
E02004936,St Albans 013,6190.3
E02004937,St Albans 014,2014.1
E02004939,St Albans 016,2831.7
E02004940,St Albans 017,2526.1
E02004941,St Albans 018,1911.2
E02004942,St Albans 019,686.2
E02004943,St Albans 020,590.8
E02004944,Stevenage 001,6940.9
E02004945,Stevenage 002,2470
E02004946,Stevenage 003,6251.1
E02004948,Stevenage 005,1906
E02004949,Stevenage 006,4882.6
E02004950,Stevenage 007,4881.6
E02004951,Stevenage 008,3107.4
E02004952,Stevenage 009,5087.9
E02004953,Stevenage 010,3817
E02004954,Stevenage 011,2179.8
E02004955,Stevenage 012,2695.6
E02004956,Three Rivers 001,909.1
E02004957,Three Rivers 002,2407.5
E02004958,Three Rivers 003,305.4
E02004959,Three Rivers 004,950.8
E02004960,Three Rivers 005,1224.6
E02004961,Three Rivers 006,2467
E02004962,Three Rivers 007,3778.7
E02004963,Three Rivers 008,2224.1
E02004964,Three Rivers 009,526
E02004965,Three Rivers 010,2539.4
E02004966,Three Rivers 011,604.2
E02004967,Three Rivers 012,3902.5
E02004968,Watford 001,4601.6
E02004969,Watford 002,5222.5
E02004970,Watford 003,4211.5
E02004971,Watford 004,6395.3
E02004972,Watford 005,3513.8
E02004973,Watford 006,10395.3
E02004974,Watford 007,5067.3
E02004975,Watford 008,1909.6
E02004976,Watford 009,5938.4
E02004977,Watford 010,9653.3
E02004978,Watford 011,5351.9
E02004979,Watford 012,4706.9
E02004980,Welwyn Hatfield 001,696.1
E02004981,Welwyn Hatfield 002,319.3
E02004982,Welwyn Hatfield 003,1934.1
E02004983,Welwyn Hatfield 004,2284.2
E02004984,Welwyn Hatfield 005,3117
E02004985,Welwyn Hatfield 006,1930.4
E02004986,Welwyn Hatfield 007,4780.2
E02004987,Welwyn Hatfield 008,3591.3
E02004988,Welwyn Hatfield 009,4077.5
E02004989,Welwyn Hatfield 010,2496.2
E02004990,Welwyn Hatfield 011,335.2
E02004991,Welwyn Hatfield 012,5832.7
E02004992,Welwyn Hatfield 013,5984.1
E02004994,Welwyn Hatfield 015,290.1
E02004995,Welwyn Hatfield 016,365.7
E02004996,Ashford 001,100.2
E02004997,Ashford 002,88.9
E02004998,Ashford 003,1534.3
E02005000,Ashford 005,3418.5
E02005001,Ashford 006,1927.2
E02005002,Ashford 007,4803.6
E02005003,Ashford 008,5079.1
E02005004,Ashford 009,2521.9
E02005005,Ashford 010,107.9
E02005006,Ashford 011,93.9
E02005007,Ashford 012,120.1
E02005008,Ashford 013,166.9
E02005009,Ashford 014,71.4
E02005010,Canterbury 001,5876.2
E02005011,Canterbury 002,852.2
E02005012,Canterbury 003,3594.8
E02005013,Canterbury 004,986.9
E02005014,Canterbury 005,848.5
E02005015,Canterbury 006,879.8
E02005016,Canterbury 007,2836.1
E02005017,Canterbury 008,3952.2
E02005018,Canterbury 009,586.1
E02005019,Canterbury 010,110.5
E02005020,Canterbury 011,496.8
E02005021,Canterbury 012,325.9
E02005022,Canterbury 013,3803.9
E02005023,Canterbury 014,2841.3
E02005025,Canterbury 016,1459.4
E02005026,Canterbury 017,130.2
E02005027,Canterbury 018,91
E02005028,Dartford 001,2193.6
E02005029,Dartford 002,1974.3
E02005030,Dartford 003,4868.9
E02005031,Dartford 004,4999.1
E02005032,Dartford 005,6211.8
E02005033,Dartford 006,1540.1
E02005034,Dartford 007,2727.8
E02005035,Dartford 008,1676.2
E02005036,Dartford 009,4374.6
E02005037,Dartford 010,1359.6
E02005038,Dartford 011,809.1
E02005039,Dartford 012,521.6
E02005040,Dartford 013,537.3
E02005041,Dover 001,110.3
E02005042,Dover 002,227.2
E02005043,Dover 003,2837.5
E02005044,Dover 004,4877.5
E02005045,Dover 005,411.4
E02005046,Dover 006,436.2
E02005047,Dover 007,2878.7
E02005048,Dover 008,108.4
E02005049,Dover 009,233.8
E02005050,Dover 010,577.7
E02005051,Dover 011,2940.8
E02005052,Dover 012,677.8
E02005053,Dover 013,1948.4
E02005054,Dover 014,210.7
E02005055,Gravesham 001,2806.9
E02005056,Gravesham 002,7214.3
E02005057,Gravesham 003,2029.8
E02005058,Gravesham 004,8293.1
E02005059,Gravesham 005,5433.2
E02005060,Gravesham 006,3196.3
E02005061,Gravesham 007,6322
E02005062,Gravesham 008,2523.1
E02005063,Gravesham 009,3163.5
E02005064,Gravesham 010,182.1
E02005065,Gravesham 011,6351.5
E02005066,Gravesham 012,422.9
E02005067,Gravesham 013,276.5
E02005068,Maidstone 001,176.2
E02005069,Maidstone 002,4913.7
E02005070,Maidstone 003,3081.6
E02005071,Maidstone 004,4825.7
E02005072,Maidstone 005,2264.1
E02005073,Maidstone 006,5466.8
E02005074,Maidstone 007,3199.6
E02005075,Maidstone 008,3665.4
E02005076,Maidstone 009,3976.1
E02005077,Maidstone 010,2231.9
E02005078,Maidstone 011,98.7
E02005079,Maidstone 012,1572.8
E02005080,Maidstone 013,5730.1
E02005081,Maidstone 014,240.8
E02005082,Maidstone 015,308.9
E02005083,Maidstone 016,1067.3
E02005084,Maidstone 017,124.2
E02005085,Maidstone 018,128.3
E02005086,Maidstone 019,280.6
E02005087,Sevenoaks 001,1220.6
E02005088,Sevenoaks 002,4558.7
E02005089,Sevenoaks 003,616
E02005090,Sevenoaks 004,451.1
E02005091,Sevenoaks 005,195.1
E02005093,Sevenoaks 007,266.5
E02005094,Sevenoaks 008,267.2
E02005095,Sevenoaks 009,532
E02005096,Sevenoaks 010,1918.2
E02005097,Sevenoaks 011,443.9
E02005098,Sevenoaks 012,289.9
E02005099,Sevenoaks 013,147
E02005100,Sevenoaks 014,448.6
E02005101,Sevenoaks 015,83.7
E02005102,Folkestone and Hythe 001,74.2
E02005103,Folkestone and Hythe 002,776
E02005104,Folkestone and Hythe 003,1866.8
E02005105,Folkestone and Hythe 004,9994.8
E02005106,Folkestone and Hythe 005,2826.1
E02005107,Folkestone and Hythe 006,2801.7
E02005109,Folkestone and Hythe 008,200.9
E02005110,Folkestone and Hythe 009,244.6
E02005111,Folkestone and Hythe 010,2505.8
E02005112,Folkestone and Hythe 011,55.9
E02005113,Folkestone and Hythe 012,1120.4
E02005114,Folkestone and Hythe 013,131.5
E02005115,Swale 001,6875.4
E02005116,Swale 002,1466.5
E02005117,Swale 003,1610
E02005118,Swale 004,2160
E02005119,Swale 005,220.1
E02005120,Swale 006,207
E02005121,Swale 007,798.5
E02005122,Swale 008,255.2
E02005123,Swale 009,836.8
E02005124,Swale 010,3060.9
E02005125,Swale 011,2110.3
E02005126,Swale 012,3956.8
E02005127,Swale 013,296.7
E02005128,Swale 014,1485.6
E02005129,Swale 015,2242.3
E02005130,Swale 016,90.7
E02005131,Swale 017,90.7
E02005132,Thanet 001,10132.5
E02005133,Thanet 002,1867.8
E02005134,Thanet 003,6192.6
E02005135,Thanet 004,2549.9
E02005136,Thanet 005,2450.6
E02005137,Thanet 006,3983
E02005138,Thanet 007,2427
E02005139,Thanet 008,1538.1
E02005140,Thanet 009,3415
E02005141,Thanet 010,3652.3
E02005142,Thanet 011,1378.5
E02005143,Thanet 012,4968.5
E02005144,Thanet 013,4038.1
E02005145,Thanet 014,138.1
E02005146,Thanet 015,7109.8
E02005147,Thanet 016,6749.4
E02005148,Thanet 017,1632.5
E02005149,Tonbridge and Malling 001,477.4
E02005150,Tonbridge and Malling 002,1344.4
E02005151,Tonbridge and Malling 003,2764.6
E02005153,Tonbridge and Malling 005,994.9
E02005154,Tonbridge and Malling 006,231.1
E02005155,Tonbridge and Malling 007,508
E02005156,Tonbridge and Malling 008,224.9
E02005157,Tonbridge and Malling 009,2727.1
E02005158,Tonbridge and Malling 010,367.5
E02005159,Tonbridge and Malling 011,1564.1
E02005160,Tonbridge and Malling 012,2270.2
E02005161,Tonbridge and Malling 013,1689.2
E02005162,Tunbridge Wells 001,339.3
E02005163,Tunbridge Wells 002,1217
E02005164,Tunbridge Wells 003,1851.3
E02005165,Tunbridge Wells 004,304.1
E02005166,Tunbridge Wells 005,3800
E02005167,Tunbridge Wells 006,310.2
E02005168,Tunbridge Wells 007,3816.7
E02005169,Tunbridge Wells 008,6631.7
E02005170,Tunbridge Wells 009,1233.7
E02005171,Tunbridge Wells 010,1577
E02005172,Tunbridge Wells 011,89.6
E02005173,Tunbridge Wells 012,3097.2
E02005174,Tunbridge Wells 013,134.9
E02005175,Tunbridge Wells 014,122.2
E02005503,Breckland 001,69.6
E02005504,Breckland 002,46.4
E02005505,Breckland 003,495.5
E02005506,Breckland 004,111.4
E02005507,Breckland 005,1913
E02005508,Breckland 006,74.7
E02005509,Breckland 007,289.7
E02005510,Breckland 008,86.3
E02005511,Breckland 009,1245.4
E02005512,Breckland 010,65.6
E02005513,Breckland 011,495.5
E02005514,Breckland 012,25.2
E02005515,Breckland 013,82.1
E02005516,Breckland 014,51.1
E02005517,Breckland 015,692.6
E02005518,Breckland 016,3920.3
E02005519,Breckland 017,473
E02005520,Broadland 001,175.9
E02005521,Broadland 002,55
E02005522,Broadland 003,132.5
E02005523,Broadland 004,168.7
E02005524,Broadland 005,363
E02005525,Broadland 006,1130.9
E02005526,Broadland 007,968.8
E02005527,Broadland 008,246
E02005528,Broadland 009,2638.6
E02005529,Broadland 010,1757.6
E02005530,Broadland 011,2715.2
E02005531,Broadland 012,1693.4
E02005532,Broadland 013,1761.3
E02005533,Broadland 014,148.8
E02005534,Broadland 015,2564.1
E02005535,Broadland 016,1744.6
E02005536,Broadland 017,167.5
E02005537,Broadland 018,95.2
E02005538,Great Yarmouth 001,300.6
E02005539,Great Yarmouth 002,108.7
E02005540,Great Yarmouth 003,817.5
E02005541,Great Yarmouth 004,2570.9
E02005542,Great Yarmouth 005,1008.9
E02005543,Great Yarmouth 006,3659.5
E02005544,Great Yarmouth 007,2140.8
E02005545,Great Yarmouth 008,1352
E02005546,Great Yarmouth 009,5277
E02005547,Great Yarmouth 010,3394.7
E02005548,Great Yarmouth 011,4401.3
E02005549,Great Yarmouth 012,255.7
E02005550,Great Yarmouth 013,776.6
E02005551,King's Lynn and West Norfolk 001,184.5
E02005552,King's Lynn and West Norfolk 002,26.5
E02005553,King's Lynn and West Norfolk 003,120.2
E02005554,King's Lynn and West Norfolk 004,61.5
E02005555,King's Lynn and West Norfolk 005,167.3
E02005556,King's Lynn and West Norfolk 006,3039.3
E02005557,King's Lynn and West Norfolk 007,1500
E02005558,King's Lynn and West Norfolk 008,98.6
E02005559,King's Lynn and West Norfolk 009,2992.9
E02005560,King's Lynn and West Norfolk 010,2990.4
E02005561,King's Lynn and West Norfolk 011,741.3
E02005562,King's Lynn and West Norfolk 012,56.3
E02005563,King's Lynn and West Norfolk 013,92
E02005564,King's Lynn and West Norfolk 014,100.8
E02005565,King's Lynn and West Norfolk 015,102.7
E02005566,King's Lynn and West Norfolk 016,89.9
E02005567,King's Lynn and West Norfolk 017,2181
E02005568,King's Lynn and West Norfolk 018,48.8
E02005569,King's Lynn and West Norfolk 019,51.4
E02005570,North Norfolk 001,1905
E02005571,North Norfolk 002,39.5
E02005572,North Norfolk 003,1736.9
E02005573,North Norfolk 004,134.2
E02005574,North Norfolk 005,125.6
E02005575,North Norfolk 006,47.8
E02005576,North Norfolk 007,141.8
E02005577,North Norfolk 008,61.1
E02005578,North Norfolk 009,42
E02005580,North Norfolk 011,886.9
E02005581,North Norfolk 012,76.6
E02005582,North Norfolk 013,114.4
E02005583,North Norfolk 014,93.5
E02005584,Norwich 001,1970
E02005585,Norwich 002,4073.6
E02005586,Norwich 003,7672.1
E02005587,Norwich 004,4493.4
E02005588,Norwich 005,4023.2
E02005589,Norwich 006,3288.5
E02005592,Norwich 009,7923.9
E02005593,Norwich 010,3811.1
E02005594,Norwich 011,5554.5
E02005595,Norwich 012,1893.1
E02005596,Norwich 013,3123.3
E02005598,South Norfolk 002,188.1
E02005599,South Norfolk 003,659.6
E02005600,South Norfolk 004,91.2
E02005601,South Norfolk 005,555
E02005602,South Norfolk 006,170.8
E02005603,South Norfolk 007,371.9
E02005604,South Norfolk 008,116
E02005605,South Norfolk 009,141.4
E02005606,South Norfolk 010,53.2
E02005607,South Norfolk 011,127.7
E02005608,South Norfolk 012,68.2
E02005609,South Norfolk 013,160.3
E02005610,South Norfolk 014,67.1
E02005611,South Norfolk 015,1035.8
E02005921,Cherwell 001,83.1
E02005922,Cherwell 002,4261.3
E02005923,Cherwell 003,3707.9
E02005924,Cherwell 004,1670.2
E02005925,Cherwell 005,5510.1
E02005926,Cherwell 006,1413.5
E02005927,Cherwell 007,3099.7
E02005928,Cherwell 008,478.4
E02005929,Cherwell 009,84
E02005930,Cherwell 010,118.6
E02005931,Cherwell 011,94.7
E02005932,Cherwell 012,5448.4
E02005933,Cherwell 013,3300.8
E02005934,Cherwell 014,4333.8
E02005935,Cherwell 015,2890.2
E02005936,Cherwell 016,94
E02005937,Cherwell 017,2028.9
E02005938,Cherwell 018,2960.5
E02005939,Cherwell 019,298.5
E02005940,Oxford 001,1589.6
E02005941,Oxford 002,3744.1
E02005942,Oxford 003,3013.5
E02005943,Oxford 004,2000.9
E02005944,Oxford 005,5256.1
E02005945,Oxford 006,3882.2
E02005946,Oxford 007,5229.7
E02005947,Oxford 008,5233.3
E02005948,Oxford 009,1068.2
E02005949,Oxford 010,4698.8
E02005950,Oxford 011,6762.8
E02005951,Oxford 012,2377.7
E02005953,Oxford 014,5336.3
E02005954,Oxford 015,4552
E02005955,Oxford 016,4639.6
E02005956,Oxford 017,5352.2
E02005957,Oxford 018,6875.6
E02005958,South Oxfordshire 001,1732.9
E02005959,South Oxfordshire 002,100.9
E02005960,South Oxfordshire 003,824.1
E02005961,South Oxfordshire 004,120.3
E02005962,South Oxfordshire 005,194.6
E02005963,South Oxfordshire 006,111.8
E02005964,South Oxfordshire 007,152.8
E02005965,South Oxfordshire 008,55.9
E02005966,South Oxfordshire 009,2191.5
E02005967,South Oxfordshire 010,3893
E02005968,South Oxfordshire 011,128.4
E02005969,South Oxfordshire 012,710.8
E02005970,South Oxfordshire 013,5246
E02005971,South Oxfordshire 014,4616.6
E02005972,South Oxfordshire 015,215
E02005973,South Oxfordshire 016,1746
E02005974,South Oxfordshire 017,2863.7
E02005975,South Oxfordshire 018,172.7
E02005976,South Oxfordshire 019,104
E02005977,South Oxfordshire 020,236.5
E02005978,Vale of White Horse 001,250.5
E02005979,Vale of White Horse 002,552
E02005980,Vale of White Horse 003,272.9
E02005981,Vale of White Horse 004,5176.1
E02005982,Vale of White Horse 005,4127.3
E02005983,Vale of White Horse 006,3106.5
E02005984,Vale of White Horse 007,84.3
E02005985,Vale of White Horse 008,3133.8
E02005986,Vale of White Horse 009,261.4
E02005987,Vale of White Horse 010,275.6
E02005988,Vale of White Horse 011,915
E02005991,Vale of White Horse 014,2709.6
E02005992,Vale of White Horse 015,147.8
E02005993,West Oxfordshire 001,753.4
E02005994,West Oxfordshire 002,46.5
E02005995,West Oxfordshire 003,52.9
E02005996,West Oxfordshire 004,122.7
E02005997,West Oxfordshire 005,170.4
E02005998,West Oxfordshire 006,285.8
E02005999,West Oxfordshire 007,111.5
E02006000,West Oxfordshire 008,3378.5
E02006001,West Oxfordshire 009,2906.7
E02006002,West Oxfordshire 010,3263.2
E02006003,West Oxfordshire 011,129
E02006004,West Oxfordshire 012,57.5
E02006005,West Oxfordshire 013,4495.1
E02006006,West Oxfordshire 014,2269.5
E02006007,West Oxfordshire 015,102.8
E02006227,Babergh 001,64.3
E02006228,Babergh 002,112.3
E02006229,Babergh 003,222.2
E02006230,Babergh 004,182.4
E02006231,Babergh 005,176
E02006232,Babergh 006,105.6
E02006233,Babergh 007,1661.3
E02006234,Babergh 008,1533.1
E02006235,Babergh 009,71.1
E02006236,Babergh 010,183.2
E02006237,Babergh 011,131.4
E02006238,West Suffolk 002,128.1
E02006239,West Suffolk 001,172
E02006240,West Suffolk 003,96.9
E02006241,West Suffolk 004,764.8
E02006242,West Suffolk 007,98.7
E02006243,West Suffolk 008,558.1
E02006245,Ipswich 001,2277.3
E02006246,Ipswich 002,4238.4
E02006247,Ipswich 003,3497.1
E02006248,Ipswich 004,3203.2
E02006249,Ipswich 005,2130.1
E02006250,Ipswich 006,8703.7
E02006251,Ipswich 007,5655.6
E02006252,Ipswich 008,5963
E02006253,Ipswich 009,3047
E02006254,Ipswich 010,2749
E02006255,Ipswich 011,4291.8
E02006256,Ipswich 012,4914.6
E02006257,Ipswich 013,5570.1
E02006258,Ipswich 014,2335.1
E02006259,Ipswich 015,3695.1
E02006260,Ipswich 016,2796.4
E02006261,Mid Suffolk 001,69.6
E02006262,Mid Suffolk 002,77.1
E02006263,Mid Suffolk 003,49.9
E02006264,Mid Suffolk 004,174
E02006265,Mid Suffolk 005,105.7
E02006266,Mid Suffolk 006,139
E02006267,Mid Suffolk 007,57.4
E02006268,Mid Suffolk 008,2921.7
E02006269,Mid Suffolk 009,176.7
E02006270,Mid Suffolk 010,1331.3
E02006271,Mid Suffolk 011,182.3
E02006272,Mid Suffolk 012,168
E02006273,West Suffolk 005,102.3
E02006274,West Suffolk 006,56.4
E02006275,West Suffolk 009,3861.1
E02006276,West Suffolk 016,115.7
E02006277,West Suffolk 012,2410.7
E02006278,West Suffolk 011,2972.5
E02006279,West Suffolk 014,2915.1
E02006280,West Suffolk 010,60.2
E02006281,West Suffolk 013,1345.4
E02006282,West Suffolk 017,63.4
E02006283,West Suffolk 018,75.3
E02006284,West Suffolk 019,3409.3
E02006285,West Suffolk 021,1728.3
E02006286,West Suffolk 020,2572.1
E02006287,East Suffolk 016,33.9
E02006288,East Suffolk 017,64.1
E02006289,East Suffolk 018,126.2
E02006290,East Suffolk 019,232.3
E02006291,East Suffolk 020,342.7
E02006292,East Suffolk 021,77.4
E02006293,East Suffolk 023,53.3
E02006294,East Suffolk 022,1551.3
E02006295,East Suffolk 024,1459.1
E02006296,East Suffolk 025,439.1
E02006297,East Suffolk 026,268.9
E02006298,East Suffolk 027,279
E02006299,East Suffolk 028,1251.7
E02006300,East Suffolk 029,1557.9
E02006301,East Suffolk 030,2469.2
E02006302,East Suffolk 001,177.5
E02006303,East Suffolk 002,3833.1
E02006304,East Suffolk 003,2509.5
E02006305,East Suffolk 004,6784.9
E02006306,East Suffolk 005,2419.7
E02006307,East Suffolk 007,2307.8
E02006308,East Suffolk 006,3456.4
E02006309,East Suffolk 009,3483.3
E02006310,East Suffolk 008,971.7
E02006311,East Suffolk 010,1077.7
E02006312,East Suffolk 011,110.6
E02006313,East Suffolk 012,652.9
E02006314,East Suffolk 013,85.2
E02006315,East Suffolk 014,76.1
E02006316,East Suffolk 015,154.7
E02006317,Elmbridge 001,3874.6
E02006318,Elmbridge 002,2337.6
E02006319,Elmbridge 003,5750.4
E02006320,Elmbridge 004,1594.6
E02006321,Elmbridge 005,3513
E02006322,Elmbridge 006,3028.3
E02006323,Elmbridge 007,3965
E02006324,Elmbridge 008,3772.3
E02006325,Elmbridge 009,1948.3
E02006326,Elmbridge 010,3714.6
E02006327,Elmbridge 011,3228.4
E02006328,Elmbridge 012,2208
E02006329,Elmbridge 013,763.1
E02006330,Elmbridge 014,1058.7
E02006331,Elmbridge 015,1541.5
E02006332,Elmbridge 016,708.9
E02006333,Elmbridge 017,637.4
E02006334,Elmbridge 018,566.3
E02006335,Epsom and Ewell 001,4291.9
E02006336,Epsom and Ewell 002,5383.9
E02006337,Epsom and Ewell 003,4602.8
E02006338,Epsom and Ewell 004,4722
E02006339,Epsom and Ewell 005,2157.7
E02006341,Epsom and Ewell 007,4406.8
E02006342,Epsom and Ewell 008,4523
E02006343,Epsom and Ewell 009,854.6
E02006344,Guildford 001,176.5
E02006345,Guildford 002,216.9
E02006346,Guildford 003,328.4
E02006347,Guildford 004,1360.5
E02006348,Guildford 005,471.7
E02006349,Guildford 006,6675.6
E02006350,Guildford 007,2256.1
E02006351,Guildford 008,2921.2
E02006352,Guildford 009,5691.8
E02006353,Guildford 010,2965.7
E02006354,Guildford 011,1771.7
E02006355,Guildford 012,3659.6
E02006356,Guildford 013,4161.1
E02006357,Guildford 014,1258.1
E02006358,Guildford 015,3615.8
E02006359,Guildford 016,733
E02006360,Guildford 017,155.7
E02006361,Guildford 018,128
E02006362,Mole Valley 001,1232.6
E02006363,Mole Valley 002,1210.5
E02006364,Mole Valley 003,1248.5
E02006365,Mole Valley 004,851.2
E02006366,Mole Valley 005,825.8
E02006367,Mole Valley 006,1376.3
E02006368,Mole Valley 007,844
E02006369,Mole Valley 008,191.9
E02006370,Mole Valley 009,461.8
E02006371,Mole Valley 010,1823.4
E02006372,Mole Valley 011,483.8
E02006373,Mole Valley 012,79.2
E02006374,Mole Valley 013,126.4
E02006375,Reigate and Banstead 001,2307
E02006376,Reigate and Banstead 002,1995.1
E02006377,Reigate and Banstead 003,2632
E02006378,Reigate and Banstead 004,484.9
E02006379,Reigate and Banstead 005,4842.9
E02006380,Reigate and Banstead 006,508.2
E02006381,Reigate and Banstead 007,514.7
E02006382,Reigate and Banstead 008,2909.8
E02006383,Reigate and Banstead 009,552.2
E02006384,Reigate and Banstead 010,5252.8
E02006385,Reigate and Banstead 011,2907.1
E02006386,Reigate and Banstead 012,2606.2
E02006387,Reigate and Banstead 013,3094.7
E02006388,Reigate and Banstead 014,1419
E02006389,Reigate and Banstead 015,340.9
E02006390,Reigate and Banstead 016,3536.3
E02006391,Reigate and Banstead 017,1334.2
E02006392,Reigate and Banstead 018,3726.9
E02006393,Runnymede 001,2630.7
E02006394,Runnymede 002,1283.7
E02006395,Runnymede 003,2300.5
E02006396,Runnymede 004,558.3
E02006397,Runnymede 005,428.2
E02006398,Runnymede 006,2981.3
E02006399,Runnymede 007,1877.7
E02006400,Runnymede 008,309.9
E02006401,Runnymede 009,3246.4
E02006402,Runnymede 010,1841.6
E02006403,Spelthorne 001,1189.6
E02006404,Spelthorne 002,3706.3
E02006405,Spelthorne 003,4531.6
E02006406,Spelthorne 004,1629.1
E02006407,Spelthorne 005,4269.1
E02006408,Spelthorne 006,4360.5
E02006409,Spelthorne 007,3916.8
E02006410,Spelthorne 008,4879.3
E02006411,Spelthorne 009,4116.6
E02006412,Spelthorne 010,2115.5
E02006413,Spelthorne 011,1825.6
E02006414,Spelthorne 012,882
E02006415,Spelthorne 013,1294
E02006416,Surrey Heath 001,256.6
E02006417,Surrey Heath 002,703.1
E02006418,Surrey Heath 003,1559.7
E02006419,Surrey Heath 004,1823
E02006420,Surrey Heath 005,2145
E02006421,Surrey Heath 006,568.5
E02006422,Surrey Heath 007,3512.4
E02006423,Surrey Heath 008,2711
E02006424,Surrey Heath 009,2381.4
E02006425,Surrey Heath 010,3013.2
E02006426,Surrey Heath 011,2364.7
E02006427,Surrey Heath 012,712.5
E02006429,Tandridge 002,1635.5
E02006430,Tandridge 003,4514.7
E02006431,Tandridge 004,690.6
E02006432,Tandridge 005,923.9
E02006433,Tandridge 006,261.8
E02006434,Tandridge 007,787.9
E02006435,Tandridge 008,164.6
E02006436,Tandridge 009,344
E02006437,Tandridge 010,183.9
E02006438,Tandridge 011,202.4
E02006439,Waverley 001,1420.5
E02006440,Waverley 002,1665.2
E02006441,Waverley 003,898.4
E02006442,Waverley 004,602.1
E02006443,Waverley 005,3124.5
E02006444,Waverley 006,3028
E02006445,Waverley 007,2380.8
E02006446,Waverley 008,225.1
E02006447,Waverley 009,1247.3
E02006448,Waverley 010,1974.5
E02006449,Waverley 011,279.4
E02006450,Waverley 012,93.5
E02006451,Waverley 013,666.5
E02006453,Waverley 015,91.2
E02006454,Waverley 016,680.4
E02006455,Waverley 017,945.2
E02006456,Woking 001,2811.7
E02006457,Woking 002,1744.7
E02006458,Woking 003,880.2
E02006459,Woking 004,6220.4
E02006460,Woking 005,5611.7
E02006461,Woking 006,884.9
E02006462,Woking 007,2198
E02006463,Woking 008,5637.5
E02006464,Woking 009,2355.1
E02006465,Woking 010,2504.5
E02006466,Woking 011,2402.2
E02006467,Woking 012,401.3
E02006534,Adur 001,1392.8
E02006535,Adur 002,1258.7
E02006536,Adur 003,707.1
E02006537,Adur 004,3568.9
E02006538,Adur 005,4237.1
E02006539,Adur 006,879.1
E02006540,Adur 007,1450.1
E02006541,Adur 008,4576.2
E02006542,Arun 001,78.8
E02006543,Arun 002,122.7
E02006544,Arun 003,468.6
E02006545,Arun 004,2446.6
E02006546,Arun 005,1737
E02006547,Arun 006,416.3
E02006548,Arun 007,4673.3
E02006549,Arun 008,1077.1
E02006550,Arun 009,4168.8
E02006551,Arun 010,2730.2
E02006552,Arun 011,3408.3
E02006553,Arun 012,1391.3
E02006554,Arun 013,1170.2
E02006555,Arun 014,5316.1
E02006556,Arun 015,2992
E02006557,Arun 016,5660.2
E02006558,Arun 017,5927.1
E02006559,Arun 018,2649
E02006560,Arun 019,901.6
E02006561,Chichester 001,100.1
E02006562,Chichester 002,80.1
E02006563,Chichester 003,44.7
E02006564,Chichester 004,250.1
E02006565,Chichester 005,54
E02006566,Chichester 006,75.3
E02006567,Chichester 007,93.2
E02006568,Chichester 008,3696.1
E02006569,Chichester 009,361.2
E02006570,Chichester 010,3767.4
E02006571,Chichester 011,496.8
E02006572,Chichester 012,331.2
E02006573,Chichester 013,260.2
E02006574,Chichester 014,1096.9
E02006575,Crawley 001,766.3
E02006576,Crawley 002,1531
E02006577,Crawley 003,4634.2
E02006578,Crawley 004,2336.9
E02006579,Crawley 005,3511.1
E02006580,Crawley 006,3990.5
E02006581,Crawley 007,5519.8
E02006582,Crawley 008,3999.1
E02006583,Crawley 009,3022.9
E02006584,Crawley 010,5900.5
E02006585,Crawley 011,2691.3
E02006586,Crawley 012,6576.9
E02006587,Crawley 013,4601.2
E02006588,Horsham 001,208.9
E02006589,Horsham 002,1385
E02006590,Horsham 003,396.6
E02006591,Horsham 004,4404.2
E02006592,Horsham 005,127.1
E02006593,Horsham 006,3880
E02006594,Horsham 007,2821.2
E02006595,Horsham 008,180.3
E02006596,Horsham 009,2437.6
E02006597,Horsham 010,195.3
E02006598,Horsham 011,103.3
E02006599,Horsham 012,182
E02006600,Horsham 013,204.7
E02006601,Horsham 014,189
E02006602,Horsham 015,156.6
E02006603,Horsham 016,282
E02006604,Mid Sussex 001,4321.5
E02006605,Mid Sussex 002,280.7
E02006606,Mid Sussex 003,1062.9
E02006607,Mid Sussex 004,496.9
E02006608,Mid Sussex 005,567
E02006609,Mid Sussex 006,96.7
E02006610,Mid Sussex 007,105.9
E02006611,Mid Sussex 008,2196.3
E02006612,Mid Sussex 009,3727.9
E02006613,Mid Sussex 010,4688.2
E02006614,Mid Sussex 011,528.9
E02006615,Mid Sussex 012,4737.7
E02006616,Mid Sussex 013,3699
E02006617,Mid Sussex 014,3867.7
E02006618,Mid Sussex 015,2183.9
E02006619,Mid Sussex 016,126.5
E02006620,Mid Sussex 017,833.6
E02006621,Worthing 001,1422
E02006622,Worthing 002,4691.6
E02006623,Worthing 003,5633.1
E02006624,Worthing 004,1227.5
E02006625,Worthing 005,4840.4
E02006626,Worthing 006,2486.8
E02006627,Worthing 007,4790.8
E02006628,Worthing 008,8013.1
E02006629,Worthing 009,4221.2
E02006630,Worthing 010,8258.5
E02006631,Worthing 011,6831
E02006632,Worthing 012,5304.3
E02006633,Worthing 013,2654
E02006782,Bromley 040,3125.9
E02006783,Lewisham 037,8284.8
E02006784,Lewisham 038,5521.8
E02006785,Bexley 029,4868.1
E02006786,Greenwich 033,6075.6
E02006787,Bromley 041,5232.7
E02006788,Croydon 045,5461.4
E02006789,Bromley 042,302.3
E02006790,Tandridge 012,245.5
E02006791,Ealing 040,11038.8
E02006792,Hounslow 029,6210.9
E02006793,Enfield 037,9733.6
E02006794,Haringey 037,11949.8
E02006795,Harrow 032,8560
E02006796,Hillingdon 033,2254.1
E02006798,Lewisham 039,10835.1
E02006799,Barking and Dagenham 023,10355.2
E02006800,Redbridge 034,8921.4
E02006801,Lambeth 036,7465.1
E02006802,Southwark 034,13445.4
E02006821,Portsmouth 026,1713.9
E02006822,Havant 018,2171
E02006823,Buckinghamshire 039,299.9
E02006824,Buckinghamshire 036,2249.8
E02006825,East Cambridgeshire 011,80.8
E02006826,West Suffolk 015,1003.7
E02006829,East Hampshire 016,421
E02006830,Havant 019,5277.3
E02006831,Havant 020,3470.2
E02006832,Sevenoaks 016,915.3
E02006833,Tonbridge and Malling 014,257.2
E02006836,Sutton 025,2614.2
E02006837,Epsom and Ewell 010,1522.2
E02006838,East Hampshire 017,605.9
E02006839,Waverley 018,211.4
E02006853,Tower Hamlets 032,21999.2
E02006854,Tower Hamlets 033,7699.9
E02006855,Canterbury 019,2616.8
E02006856,Canterbury 020,5290.8
E02006857,Eastbourne 013,2582
E02006858,Eastbourne 014,4977.8
E02006859,Thurrock 019,5496.7
E02006873,South Cambridgeshire 020,1542.5
E02006874,South Cambridgeshire 021,121.7
E02006877,Peterborough 022,1540.3
E02006878,Peterborough 023,1149.5
E02006879,Folkestone and Hythe 014,7313.1
E02006880,Folkestone and Hythe 015,4354.8
E02006882,Harrow 033,6763.8
E02006886,Vale of White Horse 016,74.6
E02006907,Norwich 014,3331.9
E02006908,Norwich 015,4108.6
E02006918,Hackney 028,16184.2
E02006921,Hackney 029,17508.3
E02006922,Colchester 022,3021.6
E02006924,Redbridge 035,5652.5
E02006925,Redbridge 036,5788.4
E02006926,Thurrock 020,3427.6
E02006927,Greenwich 034,4904.4
E02006928,Greenwich 035,22365.5
E02006930,Greenwich 037,11345.9
E02006931,Greenwich 038,4745.2
E02006937,Luton 022,9070.8
E02006938,Luton 023,6696.4
E02006939,Reading 019,4304.9
E02006940,Reading 020,9166.8
E02006941,Southwark 035,14233.7
E02006942,Southwark 036,17104.5
E02006953,Barnet 042,13134.2
E02006954,Barnet 043,11865.5
E02006955,Brent 035,12326.4
E02006956,Brent 036,6631.1
E02006968,Ealing 041,5705.8
E02006969,Ealing 042,8954.6
E02006970,Ealing 043,15127.7
E02006971,Ealing 044,8731.6
E02006972,Hounslow 030,3508.1
E02006973,Hounslow 031,10975.6
E02006975,Portsmouth 027,5062.6
E02006976,Portsmouth 028,10104.7
E02006978,Chelmsford 022,4100
E02006979,Chelmsford 023,5907.7
E02006980,Rochford 011,1163.1
E02006981,Rochford 012,1801.2
E02006987,Croydon 046,10263.1
E02006988,Croydon 047,9210.3
E02006991,Greenwich 039,14760.6
E02006992,Greenwich 040,4853.4
E02006993,Greenwich 041,9852.2
E02006994,Greenwich 042,5305.9
E02006995,Newham 038,11926
E02006996,Newham 039,8765.2
E02006997,Newham 040,4028.3
E02006998,Newham 041,3378.8
E02006999,Newham 042,9214.1
E02007004,Thurrock 021,2858.4
E02007005,Thurrock 022,894.4
E02007008,Lewisham 040,15861.3
E02007009,Lewisham 041,8701.7
E02007010,Bedford 021,309.6
E02007011,Bedford 022,867
E02007012,Milton Keynes 033,2096.7
E02007013,Milton Keynes 034,5400
E02007014,Milton Keynes 035,1708.6
E02007015,Milton Keynes 036,852.3
E02007016,Milton Keynes 037,2935.7
E02007017,Redbridge 037,9766.2
E02007018,Redbridge 038,11883
E02007019,Redbridge 039,11459.2
E02007020,Redbridge 040,15218.1
E02007021,Oxford 020,2971.8
E02007032,North Norfolk 015,986.3
E02007033,North Norfolk 016,597.5
E02007046,Ashford 015,1924.5
E02007047,Ashford 016,3270.2
E02007052,Norwich 016,5649.4
E02007053,Norwich 017,4977.1
E02007054,South Norfolk 016,888.1
E02007055,South Norfolk 017,2963.6
E02007056,Colchester 023,1668.8
E02007057,Colchester 024,3059
E02007068,Slough 015,8752.8
E02007069,Slough 016,6302
E02007074,Southampton 033,10946.7
E02007075,Southampton 034,4029.3
E02007076,Test Valley 016,580.4
E02007077,Test Valley 017,1576.6
E02007078,Test Valley 018,1643
E02007083,Wandsworth 038,6930.6
E02007084,Wandsworth 039,10916.1
E02007085,South Cambridgeshire 022,210.2
E02007086,Cambridge 015,2708
E02007087,Cambridge 014,1937
E02007088,North Hertfordshire 016,46.9
E02007089,North Hertfordshire 017,536.7
E02007090,St Albans 021,560
E02007091,Stevenage 013,4976.4
E02007092,Welwyn Hatfield 017,485.4
E02007093,East Hertfordshire 019,82.6
E02007108,Hackney 030,16214.5
E02007109,Hackney 031,12726.1
E02007110,Hackney 032,20912.7
E02007111,Hackney 033,9203.3
E02007112,Tower Hamlets 034,15118
E02007113,Tower Hamlets 035,10702.9
E02007114,Tower Hamlets 036,17398.8
E02007115,Camden 029,17336.9
E02007116,Oxford 019,4637.9