Region_Country_code,Region_Country_name,Local_authority_code_,Local_authority_name,Year_ending_Mar_2020,Year_ending_Jun_2020,Year_ending_Sep_2020,Year_ending_Dec_2020,Year_ending_Mar_2021,Year_ending_Jun_2021,Year_ending_Sep_2021,Year_ending_Dec_2021
E12000001,North_East,E06000001,Hartlepool,"128,500","130,000","130,000","131,375","133,500","137,000","135,000","132,000"
E12000001,North_East,E06000002,Middlesbrough,"137,000","135,000","135,000","133,250","135,995","136,500","139,973","136,000"
E12000001,North_East,E06000003,Redcar_and_Cleveland,"132,995","133,000","134,000","135,000","140,000","141,000","144,000","142,500"
E12000001,North_East,E06000004,StocktononTees,"150,000","150,000","151,000","154,950","155,500","158,000","158,000","152,500"
E12000001,North_East,E06000005,Darlington,"144,950","145,000","149,995","152,000","155,000","157,000","155,000","150,000"
E12000001,North_East,E06000047,County_Durham,"122,000","120,000","120,000","124,000","125,000","130,000","130,000","125,000"
E12000001,North_East,E06000057,Northumberland,"167,500","168,000","168,000","180,000","185,000","190,000","187,500","180,000"
E12000001,North_East,E08000021,Newcastle_upon_Tyne,"162,500","164,500","165,000","174,000","184,995","188,000","185,000","180,000"
E12000001,North_East,E08000022,North_Tyneside,"173,500","173,000","172,000","178,000","184,950","185,000","183,500","179,000"
E12000001,North_East,E08000023,South_Tyneside,"136,500","135,000","135,000","140,000","146,000","149,950","150,000","144,748"
E12000001,North_East,E08000024,Sunderland,"128,000","126,000","127,500","129,975","135,750","139,775","140,000","136,950"
E12000001,North_East,E08000037,Gateshead,"140,000","139,000","141,000","145,375","150,000","150,000","149,950","145,000"
E12000002,North_West,E06000006,Halton,"150,000","150,000","151,000","155,000","160,000","163,250","162,000","158,000"
E12000002,North_West,E06000007,Warrington,"195,000","195,000","200,000","210,000","220,000","230,000","230,000","230,000"
E12000002,North_West,E06000008,Blackburn_with_Darwen,"125,000","122,000","124,000","128,000","132,000","135,000","138,000","130,000"
E12000002,North_West,E06000009,Blackpool,"117,826","118,000","118,000","119,000","120,000","122,000","125,000","125,250"
E12000002,North_West,E06000049,Cheshire_East,"240,000","238,000","240,000","249,950","262,000","273,000","267,000","260,000"
E12000002,North_West,E06000050,Cheshire_West_and_Chester,"208,000","207,995","210,000","220,000","229,000","235,000","235,000","232,000"
E12000002,North_West,E07000026,Allerdale,"163,500","165,000","163,500","171,000","178,000","177,500","173,000","162,000"
E12000002,North_West,E07000027,BarrowinFurness,"127,000","126,000","126,000","130,000","136,500","140,000","140,000","140,000"
E12000002,North_West,E07000028,Carlisle,"145,000","144,998","145,000","152,500","157,000","159,998","158,498","150,100"
E12000002,North_West,E07000029,Copeland,"130,000","130,000","130,000","130,000","135,000","137,000","138,000","135,000"
E12000002,North_West,E07000030,Eden,"207,750","204,995","200,000","218,775","226,998","231,950","230,000","225,000"
E12000002,North_West,E07000031,South_Lakeland,"249,995","245,000","248,000","252,500","265,000","275,000","265,000","260,000"
E12000002,North_West,E07000117,Burnley,"97,973","97,000","100,000","103,500","105,000","113,500","117,500","117,500"
E12000002,North_West,E07000118,Chorley,"175,000","174,500","178,000","181,995","185,000","195,000","195,000","189,000"
E12000002,North_West,E07000119,Fylde,"200,000","205,000","209,950","215,000","221,995","227,750","221,995","218,000"
E12000002,North_West,E07000120,Hyndburn,"110,000","112,000","110,000","109,500","110,000","111,750","115,000","119,950"
E12000002,North_West,E07000121,Lancaster,"159,975","159,950","161,000","168,500","175,000","178,000","180,000","179,950"
E12000002,North_West,E07000122,Pendle,"112,950","113,000","116,000","120,000","125,000","129,973","132,500","130,000"
E12000002,North_West,E07000123,Preston,"150,000","148,740","152,125","153,000","161,500","165,000","165,000","160,250"
E12000002,North_West,E07000124,Ribble_Valley,"239,995","238,000","236,800","243,995","240,000","250,000","250,000","249,995"
E12000002,North_West,E07000125,Rossendale,"139,000","140,000","145,000","150,000","160,000","165,000","170,000","165,585"
E12000002,North_West,E07000126,South_Ribble,"167,500","168,000","170,000","176,000","180,000","181,498","185,000","182,500"
E12000002,North_West,E07000127,West_Lancashire,"188,995","190,000","187,500","195,000","210,000","210,000","212,748","203,925"
E12000002,North_West,E07000128,Wyre,"162,000","163,000","165,250","171,000","175,000","180,000","180,000","175,000"
E12000002,North_West,E08000001,Bolton,"140,000","140,000","145,000","148,796","152,500","157,000","161,000","162,500"
E12000002,North_West,E08000002,Bury,"175,000","178,000","180,000","188,000","197,500","209,998","212,000","212,500"
E12000002,North_West,E08000003,Manchester,"187,125","190,000","195,000","208,000","215,000","220,000","220,000","220,000"
E12000002,North_West,E08000004,Oldham,"137,000","139,500","140,000","150,000","163,000","166,975","170,250","170,000"
E12000002,North_West,E08000005,Rochdale,"141,748","142,500","145,500","150,000","157,000","165,000","168,000","168,000"
E12000002,North_West,E08000006,Salford,"174,137","180,000","185,000","192,000","199,500","200,000","205,000","205,000"
E12000002,North_West,E08000007,Stockport,"227,000","227,000","233,750","248,000","260,000","275,000","272,000","270,000"
E12000002,North_West,E08000008,Tameside,"153,000","152,500","155,000","160,000","165,000","170,000","175,000","175,000"
E12000002,North_West,E08000009,Trafford,"280,000","282,000","282,500","295,267","312,840","320,000","320,000","320,000"
E12000002,North_West,E08000010,Wigan,"149,000","145,000","149,998","151,998","155,000","159,000","160,000","160,000"
E12000002,North_West,E08000011,Knowsley,"155,995","155,995","158,000","159,995","160,000","160,000","162,500","161,750"
E12000002,North_West,E08000012,Liverpool,"130,000","130,000","131,000","139,995","149,998","155,000","157,000","155,000"
E12000002,North_West,E08000013,St._Helens,"139,950","140,000","143,000","146,000","150,000","155,000","155,000","155,000"
E12000002,North_West,E08000014,Sefton,"175,000","175,000","176,000","185,000","192,000","197,998","200,000","195,250"
E12000002,North_West,E08000015,Wirral,"165,000","165,000","165,050","170,000","181,000","193,000","195,000","195,000"
E12000003,Yorkshire_and_The_Humber,E06000010,Kingston_upon_Hull_City_of,"120,000","120,000","120,000","120,000","123,000","126,000","126,500","126,000"
E12000003,Yorkshire_and_The_Humber,E06000011,East_Riding_of_Yorkshire,"185,000","185,000","190,000","197,625","207,000","211,000","210,000","205,875"
E12000003,Yorkshire_and_The_Humber,E06000012,North_East_Lincolnshire,"135,000","135,000","137,000","144,000","147,500","148,000","150,000","145,000"
E12000003,Yorkshire_and_The_Humber,E06000013,North_Lincolnshire,"143,000","145,000","145,000","151,000","156,725","161,625","163,250","161,000"
E12000003,Yorkshire_and_The_Humber,E06000014,York,"246,750","248,000","250,000","257,000","270,000","275,000","275,000","275,000"
E12000003,Yorkshire_and_The_Humber,E07000163,Craven,"226,250","229,950","230,000","239,973","240,000","245,000","241,001","233,000"
E12000003,Yorkshire_and_The_Humber,E07000164,Hambleton,"239,950","240,000","240,000","250,000","265,000","272,000","267,500","265,000"
E12000003,Yorkshire_and_The_Humber,E07000165,Harrogate,"297,500","295,000","299,995","300,000","315,000","325,000","320,000","315,000"
E12000003,Yorkshire_and_The_Humber,E07000166,Richmondshire,"210,000","200,000","200,000","225,000","230,000","245,200","248,778","240,000"
E12000003,Yorkshire_and_The_Humber,E07000167,Ryedale,"224,950","228,725","234,950","248,500","255,000","255,000","250,000","247,000"
E12000003,Yorkshire_and_The_Humber,E07000168,Scarborough,"164,125","164,000","169,000","175,000","180,000","185,000","185,000","182,500"
E12000003,Yorkshire_and_The_Humber,E07000169,Selby,"212,000","207,500","210,000","220,000","225,000","227,728","225,000","222,875"
E12000003,Yorkshire_and_The_Humber,E08000016,Barnsley,"135,000","135,000","135,000","138,000","142,500","145,000","146,995","145,000"
E12000003,Yorkshire_and_The_Humber,E08000017,Doncaster,"135,000","135,000","138,000","140,000","146,000","150,000","151,100","152,000"
E12000003,Yorkshire_and_The_Humber,E08000018,Rotherham,"145,000","144,475","145,000","152,000","157,725","162,500","165,000","165,000"
E12000003,Yorkshire_and_The_Humber,E08000019,Sheffield,"163,750","165,000","168,500","169,000","177,250","181,000","183,000","185,000"
E12000003,Yorkshire_and_The_Humber,E08000032,Bradford,"140,000","138,500","140,000","147,000","152,000","155,000","155,000","152,000"
E12000003,Yorkshire_and_The_Humber,E08000033,Calderdale,"148,000","148,000","149,950","152,000","157,500","162,000","165,000","162,000"
E12000003,Yorkshire_and_The_Humber,E08000034,Kirklees,"159,975","158,500","160,000","165,000","170,000","177,725","178,500","175,000"
E12000003,Yorkshire_and_The_Humber,E08000035,Leeds,"187,000","189,950","194,500","200,000","211,500","220,000","220,000","218,000"
E12000003,Yorkshire_and_The_Humber,E08000036,Wakefield,"160,000","158,000","159,973","160,000","165,500","172,500","175,000","175,000"
E12000004,East_Midlands,E06000015,Derby,"170,373","170,000","170,000","172,500","180,000","185,000","185,000","185,000"
E12000004,East_Midlands,E06000016,Leicester,"180,000","180,000","183,000","190,000","200,000","207,500","210,000","215,000"
E12000004,East_Midlands,E06000017,Rutland,"276,000","287,000","310,000","315,000","325,000","340,000","321,000","305,000"
E12000004,East_Midlands,E06000018,Nottingham,"140,000","143,000","148,000","153,250","160,000","162,000","165,000","166,000"
E12000004,East_Midlands,E07000032,Amber_Valley,"177,000","176,750","177,000","182,475","197,550","205,000","208,000","205,000"
E12000004,East_Midlands,E07000033,Bolsover,"135,995","135,000","139,995","145,000","150,000","152,500","155,000","155,000"
E12000004,East_Midlands,E07000034,Chesterfield,"157,000","157,750","164,000","172,000","179,950","180,650","180,000","180,000"
E12000004,East_Midlands,E07000035,Derbyshire_Dales,"262,500","255,000","267,000","275,000","289,995","290,000","290,000","290,000"
E12000004,East_Midlands,E07000036,Erewash,"163,000","164,000","168,000","172,500","175,488","180,000","185,000","187,000"
E12000004,East_Midlands,E07000037,High_Peak,"195,000","195,000","195,000","200,000","215,000","220,000","222,000","219,975"
E12000004,East_Midlands,E07000038,North_East_Derbyshire,"190,000","195,000","200,000","210,000","217,000","219,998","217,500","210,000"
E12000004,East_Midlands,E07000039,South_Derbyshire,"217,995","214,495","215,000","220,000","225,950","228,000","227,500","226,950"
E12000004,East_Midlands,E07000129,Blaby,"220,000","220,000","226,998","233,000","239,950","247,500","249,998","250,000"
E12000004,East_Midlands,E07000130,Charnwood,"222,500","222,500","225,998","230,000","243,250","247,000","247,000","245,000"
E12000004,East_Midlands,E07000131,Harborough,"292,000","290,000","295,000","309,950","320,000","325,000","320,000","315,000"
E12000004,East_Midlands,E07000132,Hinckley_and_Bosworth,"200,000","201,000","207,000","215,000","228,000","235,000","235,000","235,100"
E12000004,East_Midlands,E07000133,Melton,"221,000","220,000","220,000","232,750","245,000","259,975","260,000","250,000"
E12000004,East_Midlands,E07000134,North_West_Leicestershire,"218,000","220,000","225,475","230,000","240,000","245,000","243,000","240,000"
E12000004,East_Midlands,E07000135,Oadby_and_Wigston,"230,000","230,000","235,000","235,000","248,250","252,000","253,000","252,500"
E12000004,East_Midlands,E07000136,Boston,"167,225","168,648","169,000","169,000","175,000","182,000","185,000","185,000"
E12000004,East_Midlands,E07000137,East_Lindsey,"175,000","175,000","177,500","180,000","186,000","192,000","195,000","197,000"
E12000004,East_Midlands,E07000138,Lincoln,"155,000","155,000","159,950","160,000","164,950","170,000","172,000","172,500"
E12000004,East_Midlands,E07000139,North_Kesteven,"202,375","200,000","202,000","212,000","220,000","225,000","227,000","225,000"
E12000004,East_Midlands,E07000140,South_Holland,"190,000","189,950","192,000","197,995","207,000","212,750","216,500","220,000"
E12000004,East_Midlands,E07000141,South_Kesteven,"215,773","216,998","220,000","226,000","237,250","245,000","243,498","240,000"
E12000004,East_Midlands,E07000142,West_Lindsey,"180,000","180,000","185,000","200,000","210,000","215,000","215,000","215,000"
E12000004,East_Midlands,E06000061_,North_Northamptonshire,"212,000","212,995","217,000","220,000","230,000","235,000","234,000","232,950"
E12000004,East_Midlands,E06000062_,West_Northamptonshire,"247,250","245,000","246,500","252,845","266,000","275,000","275,000","272,950"
E12000004,East_Midlands,E07000170,Ashfield,"145,000","147,000","145,000","154,000","160,000","165,000","170,000","170,000"
E12000004,East_Midlands,E07000171,Bassetlaw,"165,000","169,000","170,000","175,000","178,000","180,000","185,000","185,000"
E12000004,East_Midlands,E07000172,Broxtowe,"189,500","190,000","192,500","200,000","210,000","214,000","215,000","215,000"
E12000004,East_Midlands,E07000173,Gedling,"190,000","192,000","194,995","199,000","207,250","210,500","215,000","215,000"
E12000004,East_Midlands,E07000174,Mansfield,"150,000","149,995","149,995","150,000","154,498","160,000","165,000","165,000"
E12000004,East_Midlands,E07000175,Newark_and_Sherwood,"190,000","183,000","185,000","195,000","207,995","220,000","222,000","220,000"
E12000004,East_Midlands,E07000176,Rushcliffe,"280,000","280,000","287,500","299,973","305,498","310,000","305,000","300,000"
E12000005,West_Midlands,E06000019,Herefordshire_County_of,"240,000","242,000","245,000","258,500","270,000","279,375","275,000","270,000"
E12000005,West_Midlands,E06000020,Telford_and_Wrekin,"177,975","178,000","180,000","187,000","192,000","199,995","204,950","201,500"
E12000005,West_Midlands,E06000021,StokeonTrent,"122,500","122,000","124,000","125,500","129,000","131,000","135,000","135,000"
E12000005,West_Midlands,E06000051,Shropshire,"224,995","224,999","229,950","237,000","248,000","257,000","255,600","255,000"
E12000005,West_Midlands,E07000192,Cannock_Chase,"174,000","175,995","180,950","187,000","193,250","196,215","195,000","190,000"
E12000005,West_Midlands,E07000193,East_Staffordshire,"195,000","194,998","200,000","210,000","217,750","220,500","218,000","215,000"
E12000005,West_Midlands,E07000194,Lichfield,"252,500","253,000","255,000","266,000","278,000","285,000","277,500","275,000"
E12000005,West_Midlands,E07000195,NewcastleunderLyme,"150,000","150,000","152,000","160,000","161,500","165,000","169,973","167,000"
E12000005,West_Midlands,E07000196,South_Staffordshire,"235,000","235,000","237,000","245,000","260,000","270,000","265,000","260,500"
E12000005,West_Midlands,E07000197,Stafford,"214,975","214,950","215,000","217,725","225,000","230,000","230,000","225,000"
E12000005,West_Midlands,E07000198,Staffordshire_Moorlands,"174,500","177,000","180,000","185,000","195,000","200,000","199,950","195,000"
E12000005,West_Midlands,E07000199,Tamworth,"210,000","210,000","214,995","215,995","224,495","225,000","223,998","220,000"
E12000005,West_Midlands,E07000218,North_Warwickshire,"210,000","210,000","224,950","230,000","240,000","249,225","248,000","245,000"
E12000005,West_Midlands,E07000219,Nuneaton_and_Bedworth,"185,000","185,000","189,000","194,000","200,000","205,000","205,000","205,000"
E12000005,West_Midlands,E07000220,Rugby,"247,250","244,000","250,000","250,000","265,000","271,250","265,000","260,000"
E12000005,West_Midlands,E07000221,StratfordonAvon,"315,000","315,000","315,000","325,000","340,000","350,000","345,000","345,000"
E12000005,West_Midlands,E07000222,Warwick,"310,000","303,250","314,498","324,950","335,000","340,000","332,500","326,525"
E12000005,West_Midlands,E07000234,Bromsgrove,"294,998","291,995","290,000","300,000","310,000","320,000","320,000","320,000"
E12000005,West_Midlands,E07000235,Malvern_Hills,"280,000","275,000","271,000","295,000","301,000","317,000","315,000","310,000"
E12000005,West_Midlands,E07000236,Redditch,"218,000","216,125","220,000","225,000","235,000","240,000","237,750","235,000"
E12000005,West_Midlands,E07000237,Worcester,"205,000","205,000","210,000","215,000","225,000","230,000","230,000","227,500"
E12000005,West_Midlands,E07000238,Wychavon,"275,000","272,500","281,250","294,950","300,000","310,000","305,000","300,000"
E12000005,West_Midlands,E07000239,Wyre_Forest,"188,738","189,975","195,000","202,500","212,500","218,250","220,000","220,000"
E12000005,West_Midlands,E08000025,Birmingham,"182,995","185,000","187,500","193,000","200,000","208,000","210,000","210,000"
E12000005,West_Midlands,E08000026,Coventry,"183,000","184,000","185,000","186,995","192,000","197,000","202,000","205,000"
E12000005,West_Midlands,E08000027,Dudley,"175,000","178,000","180,000","185,000","195,000","200,000","200,000","200,000"
E12000005,West_Midlands,E08000028,Sandwell,"155,000","155,000","155,995","160,000","165,000","168,700","174,000","175,000"
E12000005,West_Midlands,E08000029,Solihull,"280,000","283,375","289,950","300,000","319,975","330,000","323,000","320,000"
E12000005,West_Midlands,E08000030,Walsall,"155,000","157,000","159,000","164,950","172,000","180,000","186,000","185,000"
E12000005,West_Midlands,E08000031,Wolverhampton,"155,000","158,975","162,500","167,500","175,000","175,000","177,000","179,250"
E12000006,East_of_England,E06000031,Peterborough,"205,000","208,873","210,000","210,375","219,000","220,000","220,000","220,000"
E12000006,East_of_England,E06000032,Luton,"245,000","250,000","252,000","260,000","262,250","271,000","272,000","275,000"
E12000006,East_of_England,E06000033,SouthendonSea,"288,000","292,250","290,000","300,000","315,000","325,000","325,000","325,000"
E12000006,East_of_England,E06000034,Thurrock,"285,000","285,000","290,000","303,000","312,888","319,995","320,000","320,000"
E12000006,East_of_England,E06000055,Bedford,"284,500","280,000","285,000","290,000","295,000","304,358","305,000","305,000"
E12000006,East_of_England,E06000056,Central_Bedfordshire,"313,701","311,000","316,000","324,995","330,000","337,000","335,500","333,000"
E12000006,East_of_England,E07000008,Cambridge,"426,000","425,000","435,000","440,000","450,000","450,000","450,000","450,000"
E12000006,East_of_England,E07000009,East_Cambridgeshire,"297,995","300,000","300,000","310,000","318,000","325,000","325,000","320,000"
E12000006,East_of_England,E07000010,Fenland,"192,500","195,000","198,250","202,500","207,000","210,000","215,000","215,000"
E12000006,East_of_England,E07000011,Huntingdonshire,"280,000","278,500","285,000","290,000","300,000","303,000","298,750","295,000"
E12000006,East_of_England,E07000012,South_Cambridgeshire,"375,000","378,000","379,995","390,000","400,000","400,000","399,995","399,248"
E12000006,East_of_England,E07000066,Basildon,"300,000","302,250","305,000","320,000","335,000","342,750","340,000","331,300"
E12000006,East_of_England,E07000067,Braintree,"290,000","287,000","290,000","300,000","310,000","315,000","310,000","310,000"
E12000006,East_of_England,E07000068,Brentwood,"418,500","420,000","449,950","466,750","485,000","490,000","476,000","475,000"
E12000006,East_of_England,E07000069,Castle_Point,"300,000","300,000","301,750","315,000","325,000","330,000","335,000","335,000"
E12000006,East_of_England,E07000070,Chelmsford,"357,000","360,000","355,250","380,000","385,000","382,500","380,000","375,000"
E12000006,East_of_England,E07000071,Colchester,"274,250","272,000","275,000","282,000","299,998","305,000","305,000","305,000"
E12000006,East_of_England,E07000072,Epping_Forest,"450,000","458,000","475,000","485,000","500,000","500,000","498,500","500,000"
E12000006,East_of_England,E07000073,Harlow,"287,500","285,000","289,995","298,000","315,000","318,000","313,500","310,000"
E12000006,East_of_England,E07000074,Maldon,"320,000","320,000","325,000","340,000","349,998","350,000","355,000","360,000"
E12000006,East_of_England,E07000075,Rochford,"334,000","333,000","335,000","350,000","365,000","370,000","370,000","365,000"
E12000006,East_of_England,E07000076,Tendring,"240,000","239,995","240,000","248,000","259,000","265,000","265,000","262,000"
E12000006,East_of_England,E07000077,Uttlesford,"409,995","404,000","415,000","435,000","448,750","445,000","440,000","435,000"
E12000006,East_of_England,E07000095,Broxbourne,"360,000","360,000","367,250","375,000","385,000","393,000","395,000","393,500"
E12000006,East_of_England,E07000096,Dacorum,"380,000","380,000","392,000","410,000","420,000","430,000","425,000","425,000"
E12000006,East_of_England,E07000098,Hertsmere,"445,000","455,000","466,655","485,000","517,500","525,000","530,000","535,000"
E12000006,East_of_England,E07000099,North_Hertfordshire,"354,750","360,000","365,000","388,000","397,500","395,000","392,500","383,500"
E12000006,East_of_England,E07000102,Three_Rivers,"461,000","476,250","473,250","480,000","498,500","497,000","495,000","500,000"
E12000006,East_of_England,E07000103,Watford,"365,000","368,128","378,000","379,500","395,000","400,000","395,000","395,000"
E12000006,East_of_England,E07000143,Breckland,"220,000","220,000","225,000","235,000","245,000","250,000","250,000","250,000"
E12000006,East_of_England,E07000144,Broadland,"251,500","255,000","255,995","265,000","272,500","275,000","275,000","277,000"
E12000006,East_of_England,E07000145,Great_Yarmouth,"183,125","185,000","187,000","190,000","198,000","205,000","208,000","207,500"
E12000006,East_of_England,E07000146,King's_Lynn_and_West_Norfolk,"225,000","223,000","225,500","235,000","246,250","255,000","253,000","250,000"
E12000006,East_of_England,E07000147,North_Norfolk,"259,725","257,450","260,000","275,000","285,000","295,000","295,000","293,000"
E12000006,East_of_England,E07000148,Norwich,"195,500","197,500","198,000","205,000","210,000","212,500","217,500","215,500"
E12000006,East_of_England,E07000149,South_Norfolk,"260,000","260,000","260,000","270,000","280,000","285,000","282,000","282,500"
E12000006,East_of_England,E07000200,Babergh,"280,000","283,000","285,000","300,000","316,250","320,500","320,000","320,000"
E12000006,East_of_England,E07000202,Ipswich,"200,000","200,000","200,500","206,000","216,000","220,000","225,000","225,000"
E12000006,East_of_England,E07000203,Mid_Suffolk,"262,000","263,000","265,000","279,998","295,000","300,000","300,000","299,950"
E12000006,East_of_England,E07000240,St_Albans,"540,000","535,000","550,000","550,000","575,000","583,750","580,000","588,750"
E12000006,East_of_England,E07000241,Welwyn_Hatfield,"370,000","370,000","380,000","392,500","415,000","420,000","416,000","417,750"
E12000006,East_of_England,E07000242,East_Hertfordshire,"410,000","409,995","415,000","425,000","430,000","435,000","430,000","422,500"
E12000006,East_of_England,E07000243,Stevenage,"270,000","273,000","275,000","285,000","292,000","296,000","305,000","305,000"
E12000006,East_of_England,E07000244,East_Suffolk,"240,000","242,000","247,250","260,000","270,000","279,498","275,000","272,000"
E12000006,East_of_England,E07000245,West_Suffolk,"254,998","250,000","250,000","255,000","270,000","275,000","272,000","272,000"
E12000007,London,E09000001,City_of_London,"898,875","895,000","895,000","883,500","800,000","750,000","750,000","756,250"
E12000007,London,E09000002,Barking_and_Dagenham,"318,000","318,000","320,000","325,000","326,000","330,000","335,000","340,000"
E12000007,London,E09000003,Barnet,"527,500","540,000","552,676","560,000","575,000","574,500","575,000","580,000"
E12000007,London,E09000004,Bexley,"360,000","358,000","367,000","375,000","390,000","394,500","390,000","390,000"
E12000007,London,E09000005,Brent,"485,000","488,500","490,000","510,000","525,000","527,750","530,000","530,000"
E12000007,London,E09000006,Bromley,"445,000","448,000","450,000","470,000","485,000","500,000","497,276","493,000"
E12000007,London,E09000007,Camden,"800,000","790,000","800,000","800,000","800,000","775,000","762,000","762,000"
E12000007,London,E09000008,Croydon,"385,000","384,000","388,000","400,000","410,000","416,000","415,000","410,000"
E12000007,London,E09000009,Ealing,"470,000","472,500","485,000","505,000","525,000","530,000","525,000","522,500"
E12000007,London,E09000010,Enfield,"415,000","410,000","418,850","425,000","443,000","455,000","460,000","460,000"
E12000007,London,E09000011,Greenwich,"462,500","465,000","445,000","462,000","460,000","460,000","460,000","445,000"
E12000007,London,E09000012,Hackney,"620,000","648,600","635,000","607,000","600,000","600,000","595,000","587,300"
E12000007,London,E09000013,Hammersmith_and_Fulham,"750,000","755,000","775,000","780,000","782,500","775,000","780,000","790,000"
E12000007,London,E09000014,Haringey,"512,750","507,000","510,000","525,000","540,000","547,930","550,000","550,000"
E12000007,London,E09000015,Harrow,"458,000","455,000","470,000","480,000","508,000","525,000","530,000","540,000"
E12000007,London,E09000016,Havering,"370,000","373,000","376,500","386,000","395,000","400,000","400,000","405,000"
E12000007,London,E09000017,Hillingdon,"420,000","420,000","425,000","431,000","446,500","453,026","455,000","457,000"
E12000007,London,E09000018,Hounslow,"420,000","416,375","424,995","430,000","440,500","455,000","456,000","461,000"
E12000007,London,E09000019,Islington,"620,000","625,000","650,000","660,000","665,000","650,000","645,000","645,000"
E12000007,London,E09000020,Kensington_and_Chelsea,"1,300,000","1,277,500","1,254,500","1,300,000","1,262,500","1,200,000","1,250,000","1,250,000"
E12000007,London,E09000021,Kingston_upon_Thames,"490,000","490,000","495,000","508,000","525,000","527,000","530,000","528,500"
E12000007,London,E09000022,Lambeth,"543,200","543,100","565,000","575,000","586,600","575,000","562,500","557,000"
E12000007,London,E09000023,Lewisham,"427,500","426,150","430,000","447,750","465,000","470,000","470,000","461,125"
E12000007,London,E09000024,Merton,"471,000","480,000","485,000","510,000","535,000","540,000","542,000","545,000"
E12000007,London,E09000025,Newham,"413,000","410,000","410,000","416,800","430,000","435,000","435,000","430,000"
E12000007,London,E09000026,Redbridge,"429,000","430,000","430,000","455,000","475,000","487,501","490,000","490,000"
E12000007,London,E09000027,Richmond_upon_Thames,"635,000","635,000","662,500","688,650","699,950","700,000","700,000","720,000"
E12000007,London,E09000028,Southwark,"540,000","530,000","525,000","547,750","560,000","556,375","552,750","550,000"
E12000007,London,E09000029,Sutton,"390,000","385,000","386,000","400,000","420,000","430,000","429,975","430,000"
E12000007,London,E09000030,Tower_Hamlets,"500,000","514,625","515,100","535,000","547,330","550,000","560,000","553,000"
E12000007,London,E09000031,Waltham_Forest,"453,325","457,000","460,000","470,000","485,000","493,000","500,000","500,000"
E12000007,London,E09000032,Wandsworth,"640,000","645,000","672,000","660,000","650,000","650,000","645,000","655,000"
E12000007,London,E09000033,Westminster,"1,000,000","1,000,000","1,000,000","949,100","925,000","864,750","866,000","900,000"
E12000008,South_East,E06000035,Medway,"250,000","250,000","254,995","260,000","270,000","280,000","278,000","280,000"
E12000008,South_East,E06000036,Bracknell_Forest,"350,000","345,000","357,500","372,000","380,000","381,500","375,000","370,000"
E12000008,South_East,E06000037,West_Berkshire,"342,000","340,000","340,000","359,950","375,000","378,000","379,225","375,000"
E12000008,South_East,E06000038,Reading,"305,000","300,000","302,500","310,000","320,000","322,000","320,000","320,000"
E12000008,South_East,E06000039,Slough,"324,000","325,000","325,000","330,000","342,374","350,000","350,000","350,000"
E12000008,South_East,E06000040,Windsor_and_Maidenhead,"475,000","481,000","493,000","497,500","515,000","515,500","510,000","515,000"
E12000008,South_East,E06000041,Wokingham,"420,000","419,975","420,000","433,725","440,000","445,000","450,000","449,950"
E12000008,South_East,E06000042,Milton_Keynes,"293,500","287,000","300,000","312,500","322,000","325,000","320,000","315,000"
E12000008,South_East,E06000043,Brighton_and_Hove,"358,375","355,000","360,000","380,000","400,000","411,400","407,500","400,000"
E12000008,South_East,E06000044,Portsmouth,"212,500","215,000","218,000","222,625","230,000","235,000","235,000","236,000"
E12000008,South_East,E06000045,Southampton,"219,000","220,000","220,000","223,500","225,000","230,000","233,000","235,000"
E12000008,South_East,E06000046,Isle_of_Wight,"215,000","215,000","220,000","233,000","249,950","258,000","260,000","258,000"
E12000008,South_East,E06000060,Buckinghamshire,"392,000","395,000","400,000","410,000","435,000","437,500","435,000","432,000"
E12000008,South_East,E07000061,Eastbourne,"245,000","245,000","248,000","250,000","265,000","272,500","272,500","272,000"
E12000008,South_East,E07000062,Hastings,"230,000","229,975","230,000","237,500","250,000","265,000","269,950","272,500"
E12000008,South_East,E07000063,Lewes,"323,000","320,000","321,500","339,000","355,000","368,250","375,000","372,500"
E12000008,South_East,E07000064,Rother,"302,500","307,500","310,000","325,000","345,000","350,000","347,500","345,000"
E12000008,South_East,E07000065,Wealden,"319,000","320,000","328,400","345,000","365,000","370,000","370,000","367,500"
E12000008,South_East,E07000084,Basingstoke_and_Deane,"300,000","310,000","317,000","325,000","345,000","342,000","335,000","332,250"
E12000008,South_East,E07000085,East_Hampshire,"370,000","365,000","365,000","383,900","415,000","420,000","415,000","410,000"
E12000008,South_East,E07000086,Eastleigh,"300,000","300,000","300,000","310,000","316,000","322,000","320,000","315,000"
E12000008,South_East,E07000087,Fareham,"292,225","292,748","298,975","310,000","320,000","320,000","320,000","319,500"
E12000008,South_East,E07000088,Gosport,"210,000","212,000","215,000","220,000","227,500","230,000","230,000","230,000"
E12000008,South_East,E07000089,Hart,"400,000","402,750","416,000","425,000","433,500","433,000","430,000","425,500"
E12000008,South_East,E07000090,Havant,"275,000","275,000","284,000","295,000","310,000","315,000","313,000","310,000"
E12000008,South_East,E07000091,New_Forest,"335,000","335,000","340,000","358,725","375,000","380,000","380,000","379,950"
E12000008,South_East,E07000092,Rushmoor,"300,000","297,000","298,000","309,950","320,000","325,000","325,000","325,000"
E12000008,South_East,E07000093,Test_Valley,"310,000","310,000","313,395","317,995","329,000","335,000","335,000","339,000"
E12000008,South_East,E07000094,Winchester,"410,000","410,000","420,000","440,000","450,000","470,000","470,000","460,000"
E12000008,South_East,E07000105,Ashford,"290,000","290,000","300,000","310,000","315,000","320,000","317,450","317,000"
E12000008,South_East,E07000106,Canterbury,"305,000","305,000","313,000","323,500","335,000","342,630","340,000","338,000"
E12000008,South_East,E07000107,Dartford,"325,000","317,250","320,000","311,500","325,000","335,000","331,000","340,000"
E12000008,South_East,E07000108,Dover,"250,000","250,000","250,000","261,000","275,000","280,000","280,000","280,000"
E12000008,South_East,E07000109,Gravesham,"290,000","295,000","300,000","310,000","323,998","328,000","330,000","330,000"
E12000008,South_East,E07000110,Maidstone,"317,500","318,000","318,000","325,000","340,000","348,745","349,274","349,950"
E12000008,South_East,E07000111,Sevenoaks,"400,000","405,000","415,000","425,000","435,000","440,000","440,000","440,000"
E12000008,South_East,E07000112,Folkestone_and_Hythe,"260,000","262,250","265,000","280,000","295,000","303,000","302,000","303,000"
E12000008,South_East,E07000113,Swale,"250,000","245,400","250,000","265,500","276,000","285,000","285,000","280,000"
E12000008,South_East,E07000114,Thanet,"240,000","243,000","247,000","255,000","270,000","280,000","285,000","285,000"
E12000008,South_East,E07000115,Tonbridge_and_Malling,"350,000","350,000","350,000","360,000","369,995","375,000","375,000","375,000"
E12000008,South_East,E07000116,Tunbridge_Wells,"383,500","385,000","390,000","405,000","440,000","445,000","430,000","425,000"
E12000008,South_East,E07000177,Cherwell,"307,400","305,000","305,000","310,000","325,000","335,000","330,125","330,000"
E12000008,South_East,E07000178,Oxford,"395,000","394,000","400,000","415,000","420,000","435,000","431,500","430,000"
E12000008,South_East,E07000179,South_Oxfordshire,"385,000","385,000","390,500","410,500","430,000","435,000","435,000","431,625"
E12000008,South_East,E07000180,Vale_of_White_Horse,"345,000","346,250","349,998","353,000","365,000","375,000","372,500","370,000"
E12000008,South_East,E07000181,West_Oxfordshire,"345,000","345,000","349,973","359,450","367,500","370,000","365,000","359,498"
E12000008,South_East,E07000207,Elmbridge,"570,000","570,000","599,500","600,000","620,000","625,000","625,000","640,000"
E12000008,South_East,E07000208,Epsom_and_Ewell,"470,000","475,000","475,000","500,000","508,000","515,000","520,000","515,000"
E12000008,South_East,E07000209,Guildford,"435,000","447,850","450,000","465,000","485,000","486,500","485,000","483,000"
E12000008,South_East,E07000210,Mole_Valley,"492,000","505,000","515,250","550,000","550,000","565,000","560,000","547,500"
E12000008,South_East,E07000211,Reigate_and_Banstead,"420,000","420,000","425,000","435,000","450,000","456,000","455,000","452,000"
E12000008,South_East,E07000212,Runnymede,"398,750","400,000","415,000","425,000","435,000","441,795","440,000","442,500"
E12000008,South_East,E07000213,Spelthorne,"390,000","390,000","400,250","415,000","420,750","426,420","425,000","420,000"
E12000008,South_East,E07000214,Surrey_Heath,"420,000","425,000","431,750","443,000","446,640","447,500","445,000","440,000"
E12000008,South_East,E07000215,Tandridge,"436,500","435,000","440,000","457,500","470,000","476,000","476,500","475,000"
E12000008,South_East,E07000216,Waverley,"465,000","470,000","480,000","500,000","510,000","519,000","520,000","510,000"
E12000008,South_East,E07000217,Woking,"391,750","395,500","400,000","415,000","440,000","445,000","445,000","435,000"
E12000008,South_East,E07000223,Adur,"315,000","315,000","315,000","320,000","330,000","340,000","350,000","356,750"
E12000008,South_East,E07000224,Arun,"285,325","284,000","290,000","300,000","320,000","327,500","325,000","325,000"
E12000008,South_East,E07000225,Chichester,"365,000","370,000","380,000","395,000","415,000","415,000","405,000","402,000"
E12000008,South_East,E07000226,Crawley,"291,000","290,000","295,000","302,000","312,500","311,000","310,000","310,000"
E12000008,South_East,E07000227,Horsham,"385,000","390,000","399,950","409,995","422,000","420,000","420,000","418,000"
E12000008,South_East,E07000228,Mid_Sussex,"375,000","374,000","375,000","390,000","405,000","412,250","410,000","410,000"
E12000008,South_East,E07000229,Worthing,"289,725","290,000","290,000","302,500","320,000","330,000","330,000","328,000"
E12000009,South_West,E06000022,Bath_and_North_East_Somerset,"324,995","324,995","330,000","345,000","357,000","368,000","367,500","365,000"
E12000009,South_West,E06000023,Bristol_City_of,"271,000","275,000","280,000","290,000","305,000","315,000","314,848","315,000"
E12000009,South_West,E06000024,North_Somerset,"262,818","265,000","270,000","279,950","299,950","310,000","300,000","299,950"
E12000009,South_West,E06000025,South_Gloucestershire,"280,000","280,000","289,000","295,000","299,995","300,000","300,000","300,000"
E12000009,South_West,E06000026,Plymouth,"180,000","180,000","182,000","185,000","190,000","195,000","195,000","195,000"
E12000009,South_West,E06000027,Torbay,"200,000","200,000","202,000","210,000","220,000","230,000","230,000","235,000"
E12000009,South_West,E06000030,Swindon,"230,000","225,000","229,998","233,000","240,000","245,000","245,000","240,000"
E12000009,South_West,E06000052,Cornwall,"232,000","233,500","238,000","250,000","264,000","275,000","275,000","275,000"
E12000009,South_West,E06000053,Isles_of_Scilly,"325,000","330,000","285,000","355,000","355,000","355,000","435,000","344,000"
E12000009,South_West,E06000054,Wiltshire,"275,000","274,950","275,000","285,000","297,500","305,000","300,000","300,000"
E12000009,South_West,E06000058,Bournemouth_Christchurch_and_Poole,"282,000","280,000","285,000","296,000","315,000","325,000","320,000","317,500"
E12000009,South_West,E06000059,Dorset,"287,000","289,000","296,000","313,000","327,000","335,000","330,000","330,000"
E12000009,South_West,E07000040,East_Devon,"278,000","278,995","283,000","294,000","305,000","310,250","310,000","305,000"
E12000009,South_West,E07000041,Exeter,"250,000","250,000","259,500","263,000","273,250","280,000","275,738","275,000"
E12000009,South_West,E07000042,Mid_Devon,"240,251","244,500","251,000","259,000","271,625","275,000","270,000","272,975"
E12000009,South_West,E07000043,North_Devon,"254,975","255,000","257,000","260,000","270,000","280,000","280,000","282,500"
E12000009,South_West,E07000044,South_Hams,"292,000","299,475","311,760","330,000","345,000","361,500","350,000","350,000"
E12000009,South_West,E07000045,Teignbridge,"248,000","245,500","253,000","260,000","272,500","282,500","278,000","280,000"
E12000009,South_West,E07000046,Torridge,"225,000","225,125","225,000","240,000","250,000","265,000","265,000","265,000"
E12000009,South_West,E07000047,West_Devon,"255,000","250,000","260,000","270,000","281,000","290,000","290,000","285,000"
E12000009,South_West,E07000078,Cheltenham,"263,000","260,750","270,000","285,000","300,000","315,000","309,500","300,000"
E12000009,South_West,E07000079,Cotswold,"350,000","350,000","361,500","385,000","400,000","410,000","408,000","408,250"
E12000009,South_West,E07000080,Forest_of_Dean,"231,000","230,000","240,000","257,750","270,000","279,975","275,000","270,000"
E12000009,South_West,E07000081,Gloucester,"205,000","206,500","210,750","217,500","221,000","225,000","225,000","224,000"
E12000009,South_West,E07000082,Stroud,"275,000","275,000","275,000","290,000","305,000","315,000","310,000","310,000"
E12000009,South_West,E07000083,Tewkesbury,"270,000","267,500","276,000","286,000","300,000","310,000","300,000","290,000"
E12000009,South_West,E07000187,Mendip,"261,975","263,000","269,950","282,500","290,000","297,500","295,000","290,000"
E12000009,South_West,E07000188,Sedgemoor,"219,000","220,000","220,000","226,000","236,000","242,500","243,500","245,000"
E12000009,South_West,E07000189,South_Somerset,"228,500","230,000","230,000","237,500","252,675","265,000","260,000","258,000"
E12000009,South_West,E07000246,Somerset_West_and_Taunton,"232,748","231,995","235,000","240,000","255,000","264,848","260,000","260,000"
W92000004,Wales,W06000001,Isle_of_Anglesey,"175,000","180,750","185,000","190,000","195,000","200,125","200,000","210,000"
W92000004,Wales,W06000002,Gwynedd,"160,000","159,000","158,750","164,000","170,000","175,000","175,000","175,000"
W92000004,Wales,W06000003,Conwy,"168,000","167,000","170,000","179,975","183,625","192,000","195,000","193,000"
W92000004,Wales,W06000004,Denbighshire,"152,725","153,000","158,000","160,000","173,000","177,000","178,000","175,000"
W92000004,Wales,W06000005,Flintshire,"167,500","167,000","169,950","174,000","179,000","183,995","182,500","182,500"
W92000004,Wales,W06000006,Wrexham,"154,000","155,000","155,000","160,000","163,000","167,000","170,000","175,000"
W92000004,Wales,W06000008,Ceredigion,"185,250","185,000","183,250","192,000","200,000","211,000","215,000","224,950"
W92000004,Wales,W06000009,Pembrokeshire,"180,000","180,000","180,000","180,000","185,000","191,050","195,000","197,998"
W92000004,Wales,W06000010,Carmarthenshire,"145,000","145,000","145,000","152,000","159,250","165,000","167,000","168,000"
W92000004,Wales,W06000011,Swansea,"154,000","155,000","155,000","160,000","166,500","171,500","174,000","175,000"
W92000004,Wales,W06000012,Neath_Port_Talbot,"120,000","122,500","124,000","126,125","129,000","134,475","135,000","137,000"
W92000004,Wales,W06000013,Bridgend,"159,995","160,000","162,500","168,000","174,425","179,950","176,500","179,995"
W92000004,Wales,W06000014,Vale_of_Glamorgan,"223,000","222,500","227,000","235,000","245,000","255,000","256,500","256,000"
W92000004,Wales,W06000015,Cardiff,"210,000","210,000","215,000","220,000","230,000","235,000","240,000","240,000"
W92000004,Wales,W06000016,Rhondda_Cynon_Taf,"115,000","115,000","116,500","121,975","125,000","133,000","134,950","135,000"
W92000004,Wales,W06000018,Caerphilly,"137,500","139,000","140,000","144,950","150,000","155,000","155,000","157,000"
W92000004,Wales,W06000019,Blaenau_Gwent,"90,000","90,000","92,000","95,000","100,000","105,000","109,000","110,000"
W92000004,Wales,W06000020,Torfaen,"157,750","157,500","160,000","159,950","160,000","169,950","170,000","170,000"
W92000004,Wales,W06000021,Monmouthshire,"262,850","260,000","259,995","269,950","280,000","289,950","290,250","292,500"
W92000004,Wales,W06000022,Newport,"179,950","179,475","177,500","185,000","192,998","200,000","200,000","200,000"
W92000004,Wales,W06000023,Powys,"180,000","180,000","180,000","190,000","200,000","210,000","215,000","215,000"
W92000004,Wales,W06000024,Merthyr_Tydfil,"114,000","115,500","117,000","116,000","119,500","121,000","125,000","125,000"